IMAGEID	Plane	TheT	TheZ	TheC	XPos	YPos	ZPos	DeltaT
0.0	0.0	0.0	0.0	0.0	2068.2	5983.9	467.7	0.0
0.0	1.0	0.0	0.0	1.0	2068.2	5983.9	467.7	0.222
0.0	2.0	0.0	0.0	2.0	2068.2	5983.9	467.7	0.735
1.0	0.0	0.0	0.0	0.0	6564.0	6003.7	477.2	2.776
1.0	1.0	0.0	0.0	1.0	6564.0	6003.7	477.2	3.007
1.0	2.0	0.0	0.0	2.0	6564.0	6003.7	477.2	3.518
2.0	0.0	0.0	0.0	0.0	11059.8	6023.5	488.6	5.865
2.0	1.0	0.0	0.0	1.0	11059.8	6023.5	488.6	6.101
2.0	2.0	0.0	0.0	2.0	11059.8	6023.5	488.6	6.613
3.0	0.0	0.0	0.0	0.0	15555.6	6043.2	498.4	9.337
3.0	1.0	0.0	0.0	1.0	15555.6	6043.2	498.4	9.558
3.0	2.0	0.0	0.0	2.0	15555.6	6043.2	498.4	10.062
4.0	0.0	0.0	0.0	0.0	20051.3	6063.0	514.7	12.454
4.0	1.0	0.0	0.0	1.0	20051.3	6063.0	514.7	12.678
4.0	2.0	0.0	0.0	2.0	20051.3	6063.0	514.7	13.183
5.0	0.0	0.0	0.0	0.0	24547.1	6082.8	511.5	14.979
5.0	1.0	0.0	0.0	1.0	24547.1	6082.8	511.5	15.204
5.0	2.0	0.0	0.0	2.0	24547.1	6082.8	511.5	15.797
6.0	0.0	0.0	0.0	0.0	29042.9	6102.6	519.7	18.083
6.0	1.0	0.0	0.0	1.0	29042.9	6102.6	519.7	18.306
6.0	2.0	0.0	0.0	2.0	29042.9	6102.6	519.7	18.822
7.0	0.0	0.0	0.0	0.0	33538.6	6122.3	519.7	20.291
7.0	1.0	0.0	0.0	1.0	33538.6	6122.3	519.7	20.527
7.0	2.0	0.0	0.0	2.0	33538.6	6122.3	519.7	21.037
8.0	0.0	0.0	0.0	0.0	38034.4	6142.1	524.8	22.832
8.0	1.0	0.0	0.0	1.0	38034.4	6142.1	524.8	23.055
8.0	2.0	0.0	0.0	2.0	38034.4	6142.1	524.8	23.562
9.0	0.0	0.0	0.0	0.0	42530.2	6161.9	524.8	25.032
9.0	1.0	0.0	0.0	1.0	42530.2	6161.9	524.8	25.252
9.0	2.0	0.0	0.0	2.0	42530.2	6161.9	524.8	25.76
10.0	0.0	0.0	0.0	0.0	47026.0	6181.6	527.1	27.876
10.0	1.0	0.0	0.0	1.0	47026.0	6181.6	527.1	28.1
10.0	2.0	0.0	0.0	2.0	47026.0	6181.6	527.1	28.608
11.0	0.0	0.0	0.0	0.0	51521.7	6201.4	527.1	30.149
11.0	1.0	0.0	0.0	1.0	51521.7	6201.4	527.1	30.367
11.0	2.0	0.0	0.0	2.0	51521.7	6201.4	527.1	30.879
12.0	0.0	0.0	0.0	0.0	56017.5	6221.2	527.1	32.426
12.0	1.0	0.0	0.0	1.0	56017.5	6221.2	527.1	32.65
12.0	2.0	0.0	0.0	2.0	56017.5	6221.2	527.1	33.162
13.0	0.0	0.0	0.0	0.0	60513.3	6241.0	520.4	35.657
13.0	1.0	0.0	0.0	1.0	60513.3	6241.0	520.4	35.88
13.0	2.0	0.0	0.0	2.0	60513.3	6241.0	520.4	36.389
14.0	0.0	0.0	0.0	0.0	65009.0	6260.7	515.9	38.433
14.0	1.0	0.0	0.0	1.0	65009.0	6260.7	515.9	38.661
14.0	2.0	0.0	0.0	2.0	65009.0	6260.7	515.9	39.264
15.0	0.0	0.0	0.0	0.0	69504.8	6280.5	509.7	41.06
15.0	1.0	0.0	0.0	1.0	69504.8	6280.5	509.7	41.28
15.0	2.0	0.0	0.0	2.0	69504.8	6280.5	509.7	41.79
16.0	0.0	0.0	0.0	0.0	74000.6	6300.3	505.5	43.552
16.0	1.0	0.0	0.0	1.0	74000.6	6300.3	505.5	43.78
16.0	2.0	0.0	0.0	2.0	74000.6	6300.3	505.5	44.308
17.0	0.0	0.0	0.0	0.0	78496.3	6320.1	501.6	46.326
17.0	1.0	0.0	0.0	1.0	78496.3	6320.1	501.6	46.559
17.0	2.0	0.0	0.0	2.0	78496.3	6320.1	501.6	47.072
18.0	0.0	0.0	0.0	0.0	82992.1	6339.8	478.9	49.49
18.0	1.0	0.0	0.0	1.0	82992.1	6339.8	478.9	49.798
18.0	2.0	0.0	0.0	2.0	82992.1	6339.8	478.9	50.304
19.0	0.0	0.0	0.0	0.0	87487.9	6359.6	464.9	52.177
19.0	1.0	0.0	0.0	1.0	87487.9	6359.6	464.9	52.397
19.0	2.0	0.0	0.0	2.0	87487.9	6359.6	464.9	52.903
20.0	0.0	0.0	0.0	0.0	91983.7	6379.4	477.8	55.063
20.0	1.0	0.0	0.0	1.0	91983.7	6379.4	477.8	55.328
20.0	2.0	0.0	0.0	2.0	91983.7	6379.4	477.8	55.836
21.0	0.0	0.0	0.0	0.0	96479.4	6399.2	469.7	57.923
21.0	1.0	0.0	0.0	1.0	96479.4	6399.2	469.7	58.145
21.0	2.0	0.0	0.0	2.0	96479.4	6399.2	469.7	58.654
22.0	0.0	0.0	0.0	0.0	100975.2	6418.9	463.6	60.997
22.0	1.0	0.0	0.0	1.0	100975.2	6418.9	463.6	61.216
22.0	2.0	0.0	0.0	2.0	100975.2	6418.9	463.6	61.789
23.0	0.0	0.0	0.0	0.0	105471.0	6438.7	441.5	71.077
23.0	1.0	0.0	0.0	1.0	105471.0	6438.7	441.5	71.3
23.0	2.0	0.0	0.0	2.0	105471.0	6438.7	441.5	71.821
24.0	0.0	0.0	0.0	0.0	105451.2	10936.6	463.4	74.243
24.0	1.0	0.0	0.0	1.0	105451.2	10936.6	463.4	74.467
24.0	2.0	0.0	0.0	2.0	105451.2	10936.6	463.4	74.981
25.0	0.0	0.0	0.0	0.0	100955.4	10916.8	464.5	77.285
25.0	1.0	0.0	0.0	1.0	100955.4	10916.8	464.5	77.508
25.0	2.0	0.0	0.0	2.0	100955.4	10916.8	464.5	78.018
26.0	0.0	0.0	0.0	0.0	96459.6	10897.0	474.6	80.777
26.0	1.0	0.0	0.0	1.0	96459.6	10897.0	474.6	81.004
26.0	2.0	0.0	0.0	2.0	96459.6	10897.0	474.6	81.534
27.0	0.0	0.0	0.0	0.0	91963.9	10877.3	482.1	84.211
27.0	1.0	0.0	0.0	1.0	91963.9	10877.3	482.1	84.435
27.0	2.0	0.0	0.0	2.0	91963.9	10877.3	482.1	84.955
28.0	0.0	0.0	0.0	0.0	87468.1	10857.5	485.2	87.372
28.0	1.0	0.0	0.0	1.0	87468.1	10857.5	485.2	87.585
28.0	2.0	0.0	0.0	2.0	87468.1	10857.5	485.2	88.108
29.0	0.0	0.0	0.0	0.0	82972.3	10837.7	495.2	90.479
29.0	1.0	0.0	0.0	1.0	82972.3	10837.7	495.2	90.701
29.0	2.0	0.0	0.0	2.0	82972.3	10837.7	495.2	91.213
30.0	0.0	0.0	0.0	0.0	78476.6	10817.9	499.8	93.602
30.0	1.0	0.0	0.0	1.0	78476.6	10817.9	499.8	93.823
30.0	2.0	0.0	0.0	2.0	78476.6	10817.9	499.8	94.33
31.0	0.0	0.0	0.0	0.0	73980.8	10798.2	504.1	96.686
31.0	1.0	0.0	0.0	1.0	73980.8	10798.2	504.1	96.92
31.0	2.0	0.0	0.0	2.0	73980.8	10798.2	504.1	97.429
32.0	0.0	0.0	0.0	0.0	69485.0	10778.4	504.1	99.1
32.0	1.0	0.0	0.0	1.0	69485.0	10778.4	504.1	99.32
32.0	2.0	0.0	0.0	2.0	69485.0	10778.4	504.1	99.85
33.0	0.0	0.0	0.0	0.0	64989.3	10758.6	511.1	102.921
33.0	1.0	0.0	0.0	1.0	64989.3	10758.6	511.1	103.142
33.0	2.0	0.0	0.0	2.0	64989.3	10758.6	511.1	103.652
34.0	0.0	0.0	0.0	0.0	60493.5	10738.8	521.9	106.431
34.0	1.0	0.0	0.0	1.0	60493.5	10738.8	521.9	106.715
34.0	2.0	0.0	0.0	2.0	60493.5	10738.8	521.9	107.228
35.0	0.0	0.0	0.0	0.0	55997.7	10719.1	529.4	109.589
35.0	1.0	0.0	0.0	1.0	55997.7	10719.1	529.4	109.816
35.0	2.0	0.0	0.0	2.0	55997.7	10719.1	529.4	110.326
36.0	0.0	0.0	0.0	0.0	51501.9	10699.3	529.4	112.002
36.0	1.0	0.0	0.0	1.0	51501.9	10699.3	529.4	112.244
36.0	2.0	0.0	0.0	2.0	51501.9	10699.3	529.4	112.756
37.0	0.0	0.0	0.0	0.0	47006.2	10679.5	526.9	115.054
37.0	1.0	0.0	0.0	1.0	47006.2	10679.5	526.9	115.28
37.0	2.0	0.0	0.0	2.0	47006.2	10679.5	526.9	115.8
38.0	0.0	0.0	0.0	0.0	42510.4	10659.8	522.3	117.738
38.0	1.0	0.0	0.0	1.0	42510.4	10659.8	522.3	117.965
38.0	2.0	0.0	0.0	2.0	42510.4	10659.8	522.3	118.476
39.0	0.0	0.0	0.0	0.0	38014.6	10640.0	515.3	120.894
39.0	1.0	0.0	0.0	1.0	38014.6	10640.0	515.3	121.121
39.0	2.0	0.0	0.0	2.0	38014.6	10640.0	515.3	121.638
40.0	0.0	0.0	0.0	0.0	33518.9	10620.2	515.3	123.315
40.0	1.0	0.0	0.0	1.0	33518.9	10620.2	515.3	123.545
40.0	2.0	0.0	0.0	2.0	33518.9	10620.2	515.3	124.054
41.0	0.0	0.0	0.0	0.0	29023.1	10600.4	511.7	126.009
41.0	1.0	0.0	0.0	1.0	29023.1	10600.4	511.7	126.235
41.0	2.0	0.0	0.0	2.0	29023.1	10600.4	511.7	126.746
42.0	0.0	0.0	0.0	0.0	24527.3	10580.7	502.0	130.119
42.0	1.0	0.0	0.0	1.0	24527.3	10580.7	502.0	130.348
42.0	2.0	0.0	0.0	2.0	24527.3	10580.7	502.0	130.858
43.0	0.0	0.0	0.0	0.0	20031.6	10560.9	500.1	133.295
43.0	1.0	0.0	0.0	1.0	20031.6	10560.9	500.1	133.521
43.0	2.0	0.0	0.0	2.0	20031.6	10560.9	500.1	134.074
44.0	0.0	0.0	0.0	0.0	15535.8	10541.1	493.7	136.738
44.0	1.0	0.0	0.0	1.0	15535.8	10541.1	493.7	136.962
44.0	2.0	0.0	0.0	2.0	15535.8	10541.1	493.7	137.472
45.0	0.0	0.0	0.0	0.0	11040.0	10521.3	487.3	140.194
45.0	1.0	0.0	0.0	1.0	11040.0	10521.3	487.3	140.419
45.0	2.0	0.0	0.0	2.0	11040.0	10521.3	487.3	140.932
46.0	0.0	0.0	0.0	0.0	6544.2	10501.6	478.8	143.376
46.0	1.0	0.0	0.0	1.0	6544.2	10501.6	478.8	143.595
46.0	2.0	0.0	0.0	2.0	6544.2	10501.6	478.8	144.107
47.0	0.0	0.0	0.0	0.0	2048.5	10481.8	468.8	146.873
47.0	1.0	0.0	0.0	1.0	2048.5	10481.8	468.8	147.186
47.0	2.0	0.0	0.0	2.0	2048.5	10481.8	468.8	147.704
48.0	0.0	0.0	0.0	0.0	2028.7	14979.7	468.8	148.977
48.0	1.0	0.0	0.0	1.0	2028.7	14979.7	468.8	149.2
48.0	2.0	0.0	0.0	2.0	2028.7	14979.7	468.8	149.709
49.0	0.0	0.0	0.0	0.0	6524.5	14999.4	482.2	152.754
49.0	1.0	0.0	0.0	1.0	6524.5	14999.4	482.2	152.97
49.0	2.0	0.0	0.0	2.0	6524.5	14999.4	482.2	153.482
50.0	0.0	0.0	0.0	0.0	11020.2	15019.2	493.6	156.134
50.0	1.0	0.0	0.0	1.0	11020.2	15019.2	493.6	156.369
50.0	2.0	0.0	0.0	2.0	11020.2	15019.2	493.6	156.874
51.0	0.0	0.0	0.0	0.0	15516.0	15039.0	501.7	159.594
51.0	1.0	0.0	0.0	1.0	15516.0	15039.0	501.7	159.818
51.0	2.0	0.0	0.0	2.0	15516.0	15039.0	501.7	160.352
52.0	0.0	0.0	0.0	0.0	20011.8	15058.8	505.7	162.739
52.0	1.0	0.0	0.0	1.0	20011.8	15058.8	505.7	162.961
52.0	2.0	0.0	0.0	2.0	20011.8	15058.8	505.7	163.468
53.0	0.0	0.0	0.0	0.0	24507.5	15078.5	514.1	166.195
53.0	1.0	0.0	0.0	1.0	24507.5	15078.5	514.1	166.418
53.0	2.0	0.0	0.0	2.0	24507.5	15078.5	514.1	166.927
54.0	0.0	0.0	0.0	0.0	29003.3	15098.3	512.8	169.254
54.0	1.0	0.0	0.0	1.0	29003.3	15098.3	512.8	169.478
54.0	2.0	0.0	0.0	2.0	29003.3	15098.3	512.8	169.991
55.0	0.0	0.0	0.0	0.0	33499.1	15118.1	512.8	171.557
55.0	1.0	0.0	0.0	1.0	33499.1	15118.1	512.8	171.781
55.0	2.0	0.0	0.0	2.0	33499.1	15118.1	512.8	172.334
56.0	0.0	0.0	0.0	0.0	37994.8	15137.9	521.8	175.049
56.0	1.0	0.0	0.0	1.0	37994.8	15137.9	521.8	175.272
56.0	2.0	0.0	0.0	2.0	37994.8	15137.9	521.8	175.779
57.0	0.0	0.0	0.0	0.0	42490.6	15157.6	528.7	178.46
57.0	1.0	0.0	0.0	1.0	42490.6	15157.6	528.7	178.682
57.0	2.0	0.0	0.0	2.0	42490.6	15157.6	528.7	179.192
58.0	0.0	0.0	0.0	0.0	46986.4	15177.4	535.2	181.193
58.0	1.0	0.0	0.0	1.0	46986.4	15177.4	535.2	181.417
58.0	2.0	0.0	0.0	2.0	46986.4	15177.4	535.2	181.927
59.0	0.0	0.0	0.0	0.0	51482.2	15197.2	529.8	183.972
59.0	1.0	0.0	0.0	1.0	51482.2	15197.2	529.8	184.196
59.0	2.0	0.0	0.0	2.0	51482.2	15197.2	529.8	184.705
60.0	0.0	0.0	0.0	0.0	55977.9	15217.0	526.6	186.758
60.0	1.0	0.0	0.0	1.0	55977.9	15217.0	526.6	186.98
60.0	2.0	0.0	0.0	2.0	55977.9	15217.0	526.6	187.493
61.0	0.0	0.0	0.0	0.0	60473.7	15236.7	526.6	189.129
61.0	1.0	0.0	0.0	1.0	60473.7	15236.7	526.6	189.371
61.0	2.0	0.0	0.0	2.0	60473.7	15236.7	526.6	189.914
62.0	0.0	0.0	0.0	0.0	64969.5	15256.5	521.2	192.218
62.0	1.0	0.0	0.0	1.0	64969.5	15256.5	521.2	192.442
62.0	2.0	0.0	0.0	2.0	64969.5	15256.5	521.2	192.96
63.0	0.0	0.0	0.0	0.0	69465.2	15276.3	514.6	194.95
63.0	1.0	0.0	0.0	1.0	69465.2	15276.3	514.6	195.174
63.0	2.0	0.0	0.0	2.0	69465.2	15276.3	514.6	195.684
64.0	0.0	0.0	0.0	0.0	73961.0	15296.0	509.9	197.743
64.0	1.0	0.0	0.0	1.0	73961.0	15296.0	509.9	197.963
64.0	2.0	0.0	0.0	2.0	73961.0	15296.0	509.9	198.478
65.0	0.0	0.0	0.0	0.0	78456.8	15315.8	498.5	201.131
65.0	1.0	0.0	0.0	1.0	78456.8	15315.8	498.5	201.359
65.0	2.0	0.0	0.0	2.0	78456.8	15315.8	498.5	201.95
66.0	0.0	0.0	0.0	0.0	82952.6	15335.6	493.4	203.988
66.0	1.0	0.0	0.0	1.0	82952.6	15335.6	493.4	204.309
66.0	2.0	0.0	0.0	2.0	82952.6	15335.6	493.4	204.823
67.0	0.0	0.0	0.0	0.0	87448.3	15355.4	489.3	207.207
67.0	1.0	0.0	0.0	1.0	87448.3	15355.4	489.3	207.486
67.0	2.0	0.0	0.0	2.0	87448.3	15355.4	489.3	207.993
68.0	0.0	0.0	0.0	0.0	91944.1	15375.1	481.5	210.396
68.0	1.0	0.0	0.0	1.0	91944.1	15375.1	481.5	210.708
68.0	2.0	0.0	0.0	2.0	91944.1	15375.1	481.5	211.23
69.0	0.0	0.0	0.0	0.0	96439.9	15394.9	472.0	213.885
69.0	1.0	0.0	0.0	1.0	96439.9	15394.9	472.0	214.197
69.0	2.0	0.0	0.0	2.0	96439.9	15394.9	472.0	214.707
70.0	0.0	0.0	0.0	0.0	100935.6	15414.7	468.1	216.99
70.0	1.0	0.0	0.0	1.0	100935.6	15414.7	468.1	217.301
70.0	2.0	0.0	0.0	2.0	100935.6	15414.7	468.1	217.814
71.0	0.0	0.0	0.0	0.0	105431.4	15434.5	464.5	220.2
71.0	1.0	0.0	0.0	1.0	105431.4	15434.5	464.5	220.425
71.0	2.0	0.0	0.0	2.0	105431.4	15434.5	464.5	220.933
72.0	0.0	0.0	0.0	0.0	105411.6	19932.3	467.8	222.988
72.0	1.0	0.0	0.0	1.0	105411.6	19932.3	467.8	223.213
72.0	2.0	0.0	0.0	2.0	105411.6	19932.3	467.8	223.718
73.0	0.0	0.0	0.0	0.0	100915.8	19912.6	460.4	226.405
73.0	1.0	0.0	0.0	1.0	100915.8	19912.6	460.4	226.638
73.0	2.0	0.0	0.0	2.0	100915.8	19912.6	460.4	227.197
74.0	0.0	0.0	0.0	0.0	96420.1	19892.8	473.2	229.907
74.0	1.0	0.0	0.0	1.0	96420.1	19892.8	473.2	230.147
74.0	2.0	0.0	0.0	2.0	96420.1	19892.8	473.2	230.66
75.0	0.0	0.0	0.0	0.0	91924.3	19873.0	479.8	233.344
75.0	1.0	0.0	0.0	1.0	91924.3	19873.0	479.8	233.562
75.0	2.0	0.0	0.0	2.0	91924.3	19873.0	479.8	234.067
76.0	0.0	0.0	0.0	0.0	87428.5	19853.2	487.9	236.771
76.0	1.0	0.0	0.0	1.0	87428.5	19853.2	487.9	237.069
76.0	2.0	0.0	0.0	2.0	87428.5	19853.2	487.9	237.582
77.0	0.0	0.0	0.0	0.0	82932.8	19833.5	492.5	239.969
77.0	1.0	0.0	0.0	1.0	82932.8	19833.5	492.5	240.289
77.0	2.0	0.0	0.0	2.0	82932.8	19833.5	492.5	240.803
78.0	0.0	0.0	0.0	0.0	78437.0	19813.7	503.9	243.466
78.0	1.0	0.0	0.0	1.0	78437.0	19813.7	503.9	243.782
78.0	2.0	0.0	0.0	2.0	78437.0	19813.7	503.9	244.297
79.0	0.0	0.0	0.0	0.0	73941.2	19793.9	508.8	246.7
79.0	1.0	0.0	0.0	1.0	73941.2	19793.9	508.8	246.971
79.0	2.0	0.0	0.0	2.0	73941.2	19793.9	508.8	247.481
80.0	0.0	0.0	0.0	0.0	69445.5	19774.2	515.1	249.873
80.0	1.0	0.0	0.0	1.0	69445.5	19774.2	515.1	250.194
80.0	2.0	0.0	0.0	2.0	69445.5	19774.2	515.1	250.71
81.0	0.0	0.0	0.0	0.0	64949.7	19754.4	524.6	253.06
81.0	1.0	0.0	0.0	1.0	64949.7	19754.4	524.6	253.284
81.0	2.0	0.0	0.0	2.0	64949.7	19754.4	524.6	253.792
82.0	0.0	0.0	0.0	0.0	60453.9	19734.6	530.8	256.17
82.0	1.0	0.0	0.0	1.0	60453.9	19734.6	530.8	256.393
82.0	2.0	0.0	0.0	2.0	60453.9	19734.6	530.8	256.901
83.0	0.0	0.0	0.0	0.0	55958.2	19714.8	536.3	258.95
83.0	1.0	0.0	0.0	1.0	55958.2	19714.8	536.3	259.175
83.0	2.0	0.0	0.0	2.0	55958.2	19714.8	536.3	259.682
84.0	0.0	0.0	0.0	0.0	51462.4	19695.1	536.3	261.295
84.0	1.0	0.0	0.0	1.0	51462.4	19695.1	536.3	261.515
84.0	2.0	0.0	0.0	2.0	51462.4	19695.1	536.3	262.022
85.0	0.0	0.0	0.0	0.0	46966.6	19675.3	530.4	264.045
85.0	1.0	0.0	0.0	1.0	46966.6	19675.3	530.4	264.289
85.0	2.0	0.0	0.0	2.0	46966.6	19675.3	530.4	264.801
86.0	0.0	0.0	0.0	0.0	42470.8	19655.5	530.4	266.354
86.0	1.0	0.0	0.0	1.0	42470.8	19655.5	530.4	266.666
86.0	2.0	0.0	0.0	2.0	42470.8	19655.5	530.4	267.176
87.0	0.0	0.0	0.0	0.0	37975.1	19635.7	523.8	269.998
87.0	1.0	0.0	0.0	1.0	37975.1	19635.7	523.8	270.212
87.0	2.0	0.0	0.0	2.0	37975.1	19635.7	523.8	270.72
88.0	0.0	0.0	0.0	0.0	33479.3	19616.0	513.7	273.464
88.0	1.0	0.0	0.0	1.0	33479.3	19616.0	513.7	273.685
88.0	2.0	0.0	0.0	2.0	33479.3	19616.0	513.7	274.198
89.0	0.0	0.0	0.0	0.0	28983.5	19596.2	517.0	276.569
89.0	1.0	0.0	0.0	1.0	28983.5	19596.2	517.0	276.789
89.0	2.0	0.0	0.0	2.0	28983.5	19596.2	517.0	277.299
90.0	0.0	0.0	0.0	0.0	24487.8	19576.4	510.0	279.389
90.0	1.0	0.0	0.0	1.0	24487.8	19576.4	510.0	279.618
90.0	2.0	0.0	0.0	2.0	24487.8	19576.4	510.0	280.127
91.0	0.0	0.0	0.0	0.0	19992.0	19556.6	506.2	282.454
91.0	1.0	0.0	0.0	1.0	19992.0	19556.6	506.2	282.684
91.0	2.0	0.0	0.0	2.0	19992.0	19556.6	506.2	283.2
92.0	0.0	0.0	0.0	0.0	15496.2	19536.9	498.0	285.96
92.0	1.0	0.0	0.0	1.0	15496.2	19536.9	498.0	286.179
92.0	2.0	0.0	0.0	2.0	15496.2	19536.9	498.0	286.688
93.0	0.0	0.0	0.0	0.0	11000.4	19517.1	495.7	289.083
93.0	1.0	0.0	0.0	1.0	11000.4	19517.1	495.7	289.312
93.0	2.0	0.0	0.0	2.0	11000.4	19517.1	495.7	289.816
94.0	0.0	0.0	0.0	0.0	6504.7	19497.3	484.1	292.19
94.0	1.0	0.0	0.0	1.0	6504.7	19497.3	484.1	292.441
94.0	2.0	0.0	0.0	2.0	6504.7	19497.3	484.1	293.022
95.0	0.0	0.0	0.0	0.0	2008.9	19477.6	477.0	295.337
95.0	1.0	0.0	0.0	1.0	2008.9	19477.6	477.0	295.561
95.0	2.0	0.0	0.0	2.0	2008.9	19477.6	477.0	296.075
96.0	0.0	0.0	0.0	0.0	1989.1	23975.4	470.4	297.782
96.0	1.0	0.0	0.0	1.0	1989.1	23975.4	470.4	298.005
96.0	2.0	0.0	0.0	2.0	1989.1	23975.4	470.4	298.52
97.0	0.0	0.0	0.0	0.0	6484.9	23995.2	478.4	301.16
97.0	1.0	0.0	0.0	1.0	6484.9	23995.2	478.4	301.382
97.0	2.0	0.0	0.0	2.0	6484.9	23995.2	478.4	301.891
98.0	0.0	0.0	0.0	0.0	10980.6	24015.0	492.6	304.633
98.0	1.0	0.0	0.0	1.0	10980.6	24015.0	492.6	304.866
98.0	2.0	0.0	0.0	2.0	10980.6	24015.0	492.6	305.379
99.0	0.0	0.0	0.0	0.0	15476.4	24034.8	492.6	306.961
99.0	1.0	0.0	0.0	1.0	15476.4	24034.8	492.6	307.25
99.0	2.0	0.0	0.0	2.0	15476.4	24034.8	492.6	307.76
100.0	0.0	0.0	0.0	0.0	19972.2	24054.5	496.1	310.195
100.0	1.0	0.0	0.0	1.0	19972.2	24054.5	496.1	310.504
100.0	2.0	0.0	0.0	2.0	19972.2	24054.5	496.1	311.015
101.0	0.0	0.0	0.0	0.0	24468.0	24074.3	503.3	313.383
101.0	1.0	0.0	0.0	1.0	24468.0	24074.3	503.3	313.615
101.0	2.0	0.0	0.0	2.0	24468.0	24074.3	503.3	314.128
102.0	0.0	0.0	0.0	0.0	28963.8	24094.1	513.1	316.582
102.0	1.0	0.0	0.0	1.0	28963.8	24094.1	513.1	316.801
102.0	2.0	0.0	0.0	2.0	28963.8	24094.1	513.1	317.315
103.0	0.0	0.0	0.0	0.0	33459.5	24113.8	520.8	319.696
103.0	1.0	0.0	0.0	1.0	33459.5	24113.8	520.8	319.916
103.0	2.0	0.0	0.0	2.0	33459.5	24113.8	520.8	320.418
104.0	0.0	0.0	0.0	0.0	37955.3	24133.6	526.0	322.742
104.0	1.0	0.0	0.0	1.0	37955.3	24133.6	526.0	322.96
104.0	2.0	0.0	0.0	2.0	37955.3	24133.6	526.0	323.469
105.0	0.0	0.0	0.0	0.0	42451.0	24153.4	530.0	325.832
105.0	1.0	0.0	0.0	1.0	42451.0	24153.4	530.0	326.061
105.0	2.0	0.0	0.0	2.0	42451.0	24153.4	530.0	326.57
106.0	0.0	0.0	0.0	0.0	46946.8	24173.2	530.0	328.132
106.0	1.0	0.0	0.0	1.0	46946.8	24173.2	530.0	328.362
106.0	2.0	0.0	0.0	2.0	46946.8	24173.2	530.0	328.868
107.0	0.0	0.0	0.0	0.0	51442.6	24192.9	530.0	330.43
107.0	1.0	0.0	0.0	1.0	51442.6	24192.9	530.0	330.653
107.0	2.0	0.0	0.0	2.0	51442.6	24192.9	530.0	331.164
108.0	0.0	0.0	0.0	0.0	55938.4	24212.7	534.4	333.111
108.0	1.0	0.0	0.0	1.0	55938.4	24212.7	534.4	333.335
108.0	2.0	0.0	0.0	2.0	55938.4	24212.7	534.4	333.841
109.0	0.0	0.0	0.0	0.0	60434.1	24232.5	526.3	336.469
109.0	1.0	0.0	0.0	1.0	60434.1	24232.5	526.3	336.782
109.0	2.0	0.0	0.0	2.0	60434.1	24232.5	526.3	337.303
110.0	0.0	0.0	0.0	0.0	64929.9	24252.3	519.5	339.27
110.0	1.0	0.0	0.0	1.0	64929.9	24252.3	519.5	339.498
110.0	2.0	0.0	0.0	2.0	64929.9	24252.3	519.5	340.062
111.0	0.0	0.0	0.0	0.0	69425.7	24272.0	513.3	342.125
111.0	1.0	0.0	0.0	1.0	69425.7	24272.0	513.3	342.365
111.0	2.0	0.0	0.0	2.0	69425.7	24272.0	513.3	342.871
112.0	0.0	0.0	0.0	0.0	73921.4	24291.8	510.6	345.236
112.0	1.0	0.0	0.0	1.0	73921.4	24291.8	510.6	345.457
112.0	2.0	0.0	0.0	2.0	73921.4	24291.8	510.6	346.089
113.0	0.0	0.0	0.0	0.0	78417.2	24311.6	499.5	348.479
113.0	1.0	0.0	0.0	1.0	78417.2	24311.6	499.5	348.726
113.0	2.0	0.0	0.0	2.0	78417.2	24311.6	499.5	349.331
114.0	0.0	0.0	0.0	0.0	82913.0	24331.4	492.7	351.748
114.0	1.0	0.0	0.0	1.0	82913.0	24331.4	492.7	351.983
114.0	2.0	0.0	0.0	2.0	82913.0	24331.4	492.7	352.491
115.0	0.0	0.0	0.0	0.0	87408.8	24351.1	481.2	354.565
115.0	1.0	0.0	0.0	1.0	87408.8	24351.1	481.2	354.792
115.0	2.0	0.0	0.0	2.0	87408.8	24351.1	481.2	355.304
116.0	0.0	0.0	0.0	0.0	91904.5	24370.9	476.6	357.408
116.0	1.0	0.0	0.0	1.0	91904.5	24370.9	476.6	357.704
116.0	2.0	0.0	0.0	2.0	91904.5	24370.9	476.6	358.217
117.0	0.0	0.0	0.0	0.0	96400.3	24390.7	468.5	360.633
117.0	1.0	0.0	0.0	1.0	96400.3	24390.7	468.5	360.954
117.0	2.0	0.0	0.0	2.0	96400.3	24390.7	468.5	361.466
118.0	0.0	0.0	0.0	0.0	100896.1	24410.5	463.8	363.563
118.0	1.0	0.0	0.0	1.0	100896.1	24410.5	463.8	363.791
118.0	2.0	0.0	0.0	2.0	100896.1	24410.5	463.8	364.304
119.0	0.0	0.0	0.0	0.0	105391.8	24430.2	463.8	365.867
119.0	1.0	0.0	0.0	1.0	105391.8	24430.2	463.8	366.108
119.0	2.0	0.0	0.0	2.0	105391.8	24430.2	463.8	366.658
120.0	0.0	0.0	0.0	0.0	105372.1	28928.1	463.8	367.963
120.0	1.0	0.0	0.0	1.0	105372.1	28928.1	463.8	368.186
120.0	2.0	0.0	0.0	2.0	105372.1	28928.1	463.8	368.7
121.0	0.0	0.0	0.0	0.0	100876.3	28908.3	455.6	371.351
121.0	1.0	0.0	0.0	1.0	100876.3	28908.3	455.6	371.571
121.0	2.0	0.0	0.0	2.0	100876.3	28908.3	455.6	372.077
122.0	0.0	0.0	0.0	0.0	96380.5	28888.6	465.6	374.446
122.0	1.0	0.0	0.0	1.0	96380.5	28888.6	465.6	374.676
122.0	2.0	0.0	0.0	2.0	96380.5	28888.6	465.6	375.198
123.0	0.0	0.0	0.0	0.0	91884.7	28868.8	476.2	377.183
123.0	1.0	0.0	0.0	1.0	91884.7	28868.8	476.2	377.431
123.0	2.0	0.0	0.0	2.0	91884.7	28868.8	476.2	377.94
124.0	0.0	0.0	0.0	0.0	87389.0	28849.0	476.2	379.616
124.0	1.0	0.0	0.0	1.0	87389.0	28849.0	476.2	379.876
124.0	2.0	0.0	0.0	2.0	87389.0	28849.0	476.2	380.39
125.0	0.0	0.0	0.0	0.0	82893.2	28829.2	487.4	382.885
125.0	1.0	0.0	0.0	1.0	82893.2	28829.2	487.4	383.107
125.0	2.0	0.0	0.0	2.0	82893.2	28829.2	487.4	383.615
126.0	0.0	0.0	0.0	0.0	78397.4	28809.5	493.5	385.926
126.0	1.0	0.0	0.0	1.0	78397.4	28809.5	493.5	386.209
126.0	2.0	0.0	0.0	2.0	78397.4	28809.5	493.5	386.724
127.0	0.0	0.0	0.0	0.0	73901.7	28789.7	508.2	389.544
127.0	1.0	0.0	0.0	1.0	73901.7	28789.7	508.2	389.769
127.0	2.0	0.0	0.0	2.0	73901.7	28789.7	508.2	390.278
128.0	0.0	0.0	0.0	0.0	69405.9	28769.9	511.8	392.788
128.0	1.0	0.0	0.0	1.0	69405.9	28769.9	511.8	393.013
128.0	2.0	0.0	0.0	2.0	69405.9	28769.9	511.8	393.527
129.0	0.0	0.0	0.0	0.0	64910.1	28750.1	522.8	396.168
129.0	1.0	0.0	0.0	1.0	64910.1	28750.1	522.8	396.39
129.0	2.0	0.0	0.0	2.0	64910.1	28750.1	522.8	396.908
130.0	0.0	0.0	0.0	0.0	60414.3	28730.4	527.9	398.853
130.0	1.0	0.0	0.0	1.0	60414.3	28730.4	527.9	399.077
130.0	2.0	0.0	0.0	2.0	60414.3	28730.4	527.9	399.59
131.0	0.0	0.0	0.0	0.0	55918.6	28710.6	527.9	401.175
131.0	1.0	0.0	0.0	1.0	55918.6	28710.6	527.9	401.404
131.0	2.0	0.0	0.0	2.0	55918.6	28710.6	527.9	401.914
132.0	0.0	0.0	0.0	0.0	51422.8	28690.8	531.5	403.865
132.0	1.0	0.0	0.0	1.0	51422.8	28690.8	531.5	404.092
132.0	2.0	0.0	0.0	2.0	51422.8	28690.8	531.5	404.598
133.0	0.0	0.0	0.0	0.0	46927.0	28671.1	531.5	406.133
133.0	1.0	0.0	0.0	1.0	46927.0	28671.1	531.5	406.359
133.0	2.0	0.0	0.0	2.0	46927.0	28671.1	531.5	406.87
134.0	0.0	0.0	0.0	0.0	42431.3	28651.3	531.5	408.562
134.0	1.0	0.0	0.0	1.0	42431.3	28651.3	531.5	408.783
134.0	2.0	0.0	0.0	2.0	42431.3	28651.3	531.5	409.299
135.0	0.0	0.0	0.0	0.0	37935.5	28631.5	526.2	411.68
135.0	1.0	0.0	0.0	1.0	37935.5	28631.5	526.2	411.902
135.0	2.0	0.0	0.0	2.0	37935.5	28631.5	526.2	412.471
136.0	0.0	0.0	0.0	0.0	33439.7	28611.7	522.2	414.814
136.0	1.0	0.0	0.0	1.0	33439.7	28611.7	522.2	415.033
136.0	2.0	0.0	0.0	2.0	33439.7	28611.7	522.2	415.543
137.0	0.0	0.0	0.0	0.0	28943.9	28592.0	509.7	417.495
137.0	1.0	0.0	0.0	1.0	28943.9	28592.0	509.7	417.717
137.0	2.0	0.0	0.0	2.0	28943.9	28592.0	509.7	418.232
138.0	0.0	0.0	0.0	0.0	24448.2	28572.2	501.8	420.242
138.0	1.0	0.0	0.0	1.0	24448.2	28572.2	501.8	420.468
138.0	2.0	0.0	0.0	2.0	24448.2	28572.2	501.8	420.976
139.0	0.0	0.0	0.0	0.0	19952.4	28552.4	496.8	423.26
139.0	1.0	0.0	0.0	1.0	19952.4	28552.4	496.8	423.514
139.0	2.0	0.0	0.0	2.0	19952.4	28552.4	496.8	424.022
140.0	0.0	0.0	0.0	0.0	15456.6	28532.6	488.2	426.784
140.0	1.0	0.0	0.0	1.0	15456.6	28532.6	488.2	427.012
140.0	2.0	0.0	0.0	2.0	15456.6	28532.6	488.2	427.519
141.0	0.0	0.0	0.0	0.0	10960.9	28512.9	488.2	429.141
141.0	1.0	0.0	0.0	1.0	10960.9	28512.9	488.2	429.366
141.0	2.0	0.0	0.0	2.0	10960.9	28512.9	488.2	429.871
142.0	0.0	0.0	0.0	0.0	6465.1	28493.1	484.2	432.26
142.0	1.0	0.0	0.0	1.0	6465.1	28493.1	484.2	432.484
142.0	2.0	0.0	0.0	2.0	6465.1	28493.1	484.2	432.997
143.0	0.0	0.0	0.0	0.0	1969.3	28473.3	476.0	434.98
143.0	1.0	0.0	0.0	1.0	1969.3	28473.3	476.0	435.224
143.0	2.0	0.0	0.0	2.0	1969.3	28473.3	476.0	435.73
144.0	0.0	0.0	0.0	0.0	1949.5	32971.2	467.7	438.116
144.0	1.0	0.0	0.0	1.0	1949.5	32971.2	467.7	438.338
144.0	2.0	0.0	0.0	2.0	1949.5	32971.2	467.7	438.858
145.0	0.0	0.0	0.0	0.0	6445.3	32991.0	478.8	442.369
145.0	1.0	0.0	0.0	1.0	6445.3	32991.0	478.8	442.588
145.0	2.0	0.0	0.0	2.0	6445.3	32991.0	478.8	443.17
146.0	0.0	0.0	0.0	0.0	10941.1	33010.7	478.8	444.782
146.0	1.0	0.0	0.0	1.0	10941.1	33010.7	478.8	445.01
146.0	2.0	0.0	0.0	2.0	10941.1	33010.7	478.8	445.519
147.0	0.0	0.0	0.0	0.0	15436.9	33030.5	484.1	447.604
147.0	1.0	0.0	0.0	1.0	15436.9	33030.5	484.1	447.827
147.0	2.0	0.0	0.0	2.0	15436.9	33030.5	484.1	448.34
148.0	0.0	0.0	0.0	0.0	19932.6	33050.3	493.5	451.1
148.0	1.0	0.0	0.0	1.0	19932.6	33050.3	493.5	451.323
148.0	2.0	0.0	0.0	2.0	19932.6	33050.3	493.5	451.882
149.0	0.0	0.0	0.0	0.0	24428.4	33070.1	498.6	454.311
149.0	1.0	0.0	0.0	1.0	24428.4	33070.1	498.6	454.54
149.0	2.0	0.0	0.0	2.0	24428.4	33070.1	498.6	455.051
150.0	0.0	0.0	0.0	0.0	28924.2	33089.8	505.4	457.457
150.0	1.0	0.0	0.0	1.0	28924.2	33089.8	505.4	457.676
150.0	2.0	0.0	0.0	2.0	28924.2	33089.8	505.4	458.188
151.0	0.0	0.0	0.0	0.0	33420.0	33109.6	513.2	460.699
151.0	1.0	0.0	0.0	1.0	33420.0	33109.6	513.2	460.924
151.0	2.0	0.0	0.0	2.0	33420.0	33109.6	513.2	461.433
152.0	0.0	0.0	0.0	0.0	37915.7	33129.4	519.7	463.767
152.0	1.0	0.0	0.0	1.0	37915.7	33129.4	519.7	464.031
152.0	2.0	0.0	0.0	2.0	37915.7	33129.4	519.7	464.544
153.0	0.0	0.0	0.0	0.0	42411.5	33149.2	524.0	466.995
153.0	1.0	0.0	0.0	1.0	42411.5	33149.2	524.0	467.305
153.0	2.0	0.0	0.0	2.0	42411.5	33149.2	524.0	467.82
154.0	0.0	0.0	0.0	0.0	46907.3	33168.9	524.0	469.406
154.0	1.0	0.0	0.0	1.0	46907.3	33168.9	524.0	469.724
154.0	2.0	0.0	0.0	2.0	46907.3	33168.9	524.0	470.236
155.0	0.0	0.0	0.0	0.0	51403.0	33188.7	520.8	472.208
155.0	1.0	0.0	0.0	1.0	51403.0	33188.7	520.8	472.433
155.0	2.0	0.0	0.0	2.0	51403.0	33188.7	520.8	472.947
156.0	0.0	0.0	0.0	0.0	55898.8	33208.5	526.1	475.296
156.0	1.0	0.0	0.0	1.0	55898.8	33208.5	526.1	475.521
156.0	2.0	0.0	0.0	2.0	55898.8	33208.5	526.1	476.119
157.0	0.0	0.0	0.0	0.0	60394.6	33228.3	523.3	478.497
157.0	1.0	0.0	0.0	1.0	60394.6	33228.3	523.3	478.718
157.0	2.0	0.0	0.0	2.0	60394.6	33228.3	523.3	479.23
158.0	0.0	0.0	0.0	0.0	64890.3	33248.0	518.7	481.591
158.0	1.0	0.0	0.0	1.0	64890.3	33248.0	518.7	481.815
158.0	2.0	0.0	0.0	2.0	64890.3	33248.0	518.7	482.328
159.0	0.0	0.0	0.0	0.0	69386.1	33267.8	510.9	484.762
159.0	1.0	0.0	0.0	1.0	69386.1	33267.8	510.9	485.077
159.0	2.0	0.0	0.0	2.0	69386.1	33267.8	510.9	485.587
160.0	0.0	0.0	0.0	0.0	73881.9	33287.6	503.4	487.956
160.0	1.0	0.0	0.0	1.0	73881.9	33287.6	503.4	488.223
160.0	2.0	0.0	0.0	2.0	73881.9	33287.6	503.4	488.749
161.0	0.0	0.0	0.0	0.0	78377.7	33307.3	491.1	490.822
161.0	1.0	0.0	0.0	1.0	78377.7	33307.3	491.1	491.039
161.0	2.0	0.0	0.0	2.0	78377.7	33307.3	491.1	491.554
162.0	0.0	0.0	0.0	0.0	82873.4	33327.1	482.6	493.898
162.0	1.0	0.0	0.0	1.0	82873.4	33327.1	482.6	494.125
162.0	2.0	0.0	0.0	2.0	82873.4	33327.1	482.6	494.633
163.0	0.0	0.0	0.0	0.0	87369.2	33346.9	475.4	497.052
163.0	1.0	0.0	0.0	1.0	87369.2	33346.9	475.4	497.278
163.0	2.0	0.0	0.0	2.0	87369.2	33346.9	475.4	497.79
164.0	0.0	0.0	0.0	0.0	91865.0	33366.7	471.2	499.74
164.0	1.0	0.0	0.0	1.0	91865.0	33366.7	471.2	499.961
164.0	2.0	0.0	0.0	2.0	91865.0	33366.7	471.2	500.469
165.0	0.0	0.0	0.0	0.0	96360.7	33386.4	460.6	503.106
165.0	1.0	0.0	0.0	1.0	96360.7	33386.4	460.6	503.328
165.0	2.0	0.0	0.0	2.0	96360.7	33386.4	460.6	503.837
166.0	0.0	0.0	0.0	0.0	100856.5	33406.2	458.6	506.132
166.0	1.0	0.0	0.0	1.0	100856.5	33406.2	458.6	506.356
166.0	2.0	0.0	0.0	2.0	100856.5	33406.2	458.6	506.875
167.0	0.0	0.0	0.0	0.0	105352.3	33426.0	464.0	508.987
167.0	1.0	0.0	0.0	1.0	105352.3	33426.0	464.0	509.221
167.0	2.0	0.0	0.0	2.0	105352.3	33426.0	464.0	509.735
168.0	0.0	0.0	0.0	0.0	105332.5	37923.9	464.0	510.987
168.0	1.0	0.0	0.0	1.0	105332.5	37923.9	464.0	511.284
168.0	2.0	0.0	0.0	2.0	105332.5	37923.9	464.0	511.792
169.0	0.0	0.0	0.0	0.0	100836.7	37904.1	464.0	513.473
169.0	1.0	0.0	0.0	1.0	100836.7	37904.1	464.0	513.696
169.0	2.0	0.0	0.0	2.0	100836.7	37904.1	464.0	514.208
170.0	0.0	0.0	0.0	0.0	96340.9	37884.3	458.7	516.161
170.0	1.0	0.0	0.0	1.0	96340.9	37884.3	458.7	516.386
170.0	2.0	0.0	0.0	2.0	96340.9	37884.3	458.7	516.892
171.0	0.0	0.0	0.0	0.0	91845.2	37864.6	466.9	519.594
171.0	1.0	0.0	0.0	1.0	91845.2	37864.6	466.9	519.828
171.0	2.0	0.0	0.0	2.0	91845.2	37864.6	466.9	520.34
172.0	0.0	0.0	0.0	0.0	87349.4	37844.8	475.7	523.096
172.0	1.0	0.0	0.0	1.0	87349.4	37844.8	475.7	523.34
172.0	2.0	0.0	0.0	2.0	87349.4	37844.8	475.7	523.848
173.0	0.0	0.0	0.0	0.0	82853.6	37825.0	484.2	526.618
173.0	1.0	0.0	0.0	1.0	82853.6	37825.0	484.2	526.841
173.0	2.0	0.0	0.0	2.0	82853.6	37825.0	484.2	527.355
174.0	0.0	0.0	0.0	0.0	78357.9	37805.2	490.2	529.858
174.0	1.0	0.0	0.0	1.0	78357.9	37805.2	490.2	530.079
174.0	2.0	0.0	0.0	2.0	78357.9	37805.2	490.2	530.588
175.0	0.0	0.0	0.0	0.0	73862.1	37785.5	499.2	533.235
175.0	1.0	0.0	0.0	1.0	73862.1	37785.5	499.2	533.453
175.0	2.0	0.0	0.0	2.0	73862.1	37785.5	499.2	533.966
176.0	0.0	0.0	0.0	0.0	69366.3	37765.7	505.9	536.292
176.0	1.0	0.0	0.0	1.0	69366.3	37765.7	505.9	536.552
176.0	2.0	0.0	0.0	2.0	69366.3	37765.7	505.9	537.066
177.0	0.0	0.0	0.0	0.0	64870.6	37745.9	514.8	539.495
177.0	1.0	0.0	0.0	1.0	64870.6	37745.9	514.8	539.781
177.0	2.0	0.0	0.0	2.0	64870.6	37745.9	514.8	540.291
178.0	0.0	0.0	0.0	0.0	60374.8	37726.1	522.8	543.113
178.0	1.0	0.0	0.0	1.0	60374.8	37726.1	522.8	543.335
178.0	2.0	0.0	0.0	2.0	60374.8	37726.1	522.8	543.849
179.0	0.0	0.0	0.0	0.0	55879.0	37706.4	527.3	545.906
179.0	1.0	0.0	0.0	1.0	55879.0	37706.4	527.3	546.133
179.0	2.0	0.0	0.0	2.0	55879.0	37706.4	527.3	546.649
180.0	0.0	0.0	0.0	0.0	51383.2	37686.6	522.5	548.604
180.0	1.0	0.0	0.0	1.0	51383.2	37686.6	522.5	548.835
180.0	2.0	0.0	0.0	2.0	51383.2	37686.6	522.5	549.349
181.0	0.0	0.0	0.0	0.0	46887.5	37666.8	522.5	550.881
181.0	1.0	0.0	0.0	1.0	46887.5	37666.8	522.5	551.1
181.0	2.0	0.0	0.0	2.0	46887.5	37666.8	522.5	551.608
182.0	0.0	0.0	0.0	0.0	42391.7	37647.0	518.9	554.378
182.0	1.0	0.0	0.0	1.0	42391.7	37647.0	518.9	554.599
182.0	2.0	0.0	0.0	2.0	42391.7	37647.0	518.9	555.119
183.0	0.0	0.0	0.0	0.0	37895.9	37627.3	518.9	556.703
183.0	1.0	0.0	0.0	1.0	37895.9	37627.3	518.9	556.923
183.0	2.0	0.0	0.0	2.0	37895.9	37627.3	518.9	557.433
184.0	0.0	0.0	0.0	0.0	33400.2	37607.5	515.1	559.762
184.0	1.0	0.0	0.0	1.0	33400.2	37607.5	515.1	559.986
184.0	2.0	0.0	0.0	2.0	33400.2	37607.5	515.1	560.572
185.0	0.0	0.0	0.0	0.0	28904.4	37587.7	501.5	563.961
185.0	1.0	0.0	0.0	1.0	28904.4	37587.7	501.5	564.189
185.0	2.0	0.0	0.0	2.0	28904.4	37587.7	501.5	564.702
186.0	0.0	0.0	0.0	0.0	24408.6	37567.9	495.3	566.702
186.0	1.0	0.0	0.0	1.0	24408.6	37567.9	495.3	566.947
186.0	2.0	0.0	0.0	2.0	24408.6	37567.9	495.3	567.458
187.0	0.0	0.0	0.0	0.0	19912.8	37548.2	488.6	569.49
187.0	1.0	0.0	0.0	1.0	19912.8	37548.2	488.6	569.721
187.0	2.0	0.0	0.0	2.0	19912.8	37548.2	488.6	570.228
188.0	0.0	0.0	0.0	0.0	15417.1	37528.4	481.3	572.893
188.0	1.0	0.0	0.0	1.0	15417.1	37528.4	481.3	573.133
188.0	2.0	0.0	0.0	2.0	15417.1	37528.4	481.3	573.693
189.0	0.0	0.0	0.0	0.0	10921.3	37508.6	481.3	575.391
189.0	1.0	0.0	0.0	1.0	10921.3	37508.6	481.3	575.616
189.0	2.0	0.0	0.0	2.0	10921.3	37508.6	481.3	576.125
190.0	0.0	0.0	0.0	0.0	6425.5	37488.9	468.3	578.884
190.0	1.0	0.0	0.0	1.0	6425.5	37488.9	468.3	579.164
190.0	2.0	0.0	0.0	2.0	6425.5	37488.9	468.3	579.678
191.0	0.0	0.0	0.0	0.0	1929.8	37469.1	474.0	582.108
191.0	1.0	0.0	0.0	1.0	1929.8	37469.1	474.0	582.42
191.0	2.0	0.0	0.0	2.0	1929.8	37469.1	474.0	582.937
192.0	0.0	0.0	0.0	0.0	1910.0	41967.0	462.6	584.707
192.0	1.0	0.0	0.0	1.0	1910.0	41967.0	462.6	584.934
192.0	2.0	0.0	0.0	2.0	1910.0	41967.0	462.6	585.455
193.0	0.0	0.0	0.0	0.0	6405.8	41986.7	473.5	588.16
193.0	1.0	0.0	0.0	1.0	6405.8	41986.7	473.5	588.384
193.0	2.0	0.0	0.0	2.0	6405.8	41986.7	473.5	588.899
194.0	0.0	0.0	0.0	0.0	10901.5	42006.5	487.6	592.438
194.0	1.0	0.0	0.0	1.0	10901.5	42006.5	487.6	592.661
194.0	2.0	0.0	0.0	2.0	10901.5	42006.5	487.6	593.172
195.0	0.0	0.0	0.0	0.0	15397.3	42026.3	482.2	595.202
195.0	1.0	0.0	0.0	1.0	15397.3	42026.3	482.2	595.425
195.0	2.0	0.0	0.0	2.0	15397.3	42026.3	482.2	595.938
196.0	0.0	0.0	0.0	0.0	19893.1	42046.1	489.5	598.218
196.0	1.0	0.0	0.0	1.0	19893.1	42046.1	489.5	598.444
196.0	2.0	0.0	0.0	2.0	19893.1	42046.1	489.5	598.959
197.0	0.0	0.0	0.0	0.0	24388.8	42065.8	501.5	601.707
197.0	1.0	0.0	0.0	1.0	24388.8	42065.8	501.5	601.939
197.0	2.0	0.0	0.0	2.0	24388.8	42065.8	501.5	602.456
198.0	0.0	0.0	0.0	0.0	28884.6	42085.6	511.9	605.25
198.0	1.0	0.0	0.0	1.0	28884.6	42085.6	511.9	605.517
198.0	2.0	0.0	0.0	2.0	28884.6	42085.6	511.9	606.026
199.0	0.0	0.0	0.0	0.0	33380.4	42105.4	517.6	608.807
199.0	1.0	0.0	0.0	1.0	33380.4	42105.4	517.6	609.034
199.0	2.0	0.0	0.0	2.0	33380.4	42105.4	517.6	609.544
200.0	0.0	0.0	0.0	0.0	37876.2	42125.1	521.7	611.547
200.0	1.0	0.0	0.0	1.0	37876.2	42125.1	521.7	611.773
200.0	2.0	0.0	0.0	2.0	37876.2	42125.1	521.7	612.284
201.0	0.0	0.0	0.0	0.0	42371.9	42144.9	521.7	613.869
201.0	1.0	0.0	0.0	1.0	42371.9	42144.9	521.7	614.181
201.0	2.0	0.0	0.0	2.0	42371.9	42144.9	521.7	614.704
202.0	0.0	0.0	0.0	0.0	46867.7	42164.7	523.2	617.059
202.0	1.0	0.0	0.0	1.0	46867.7	42164.7	523.2	617.28
202.0	2.0	0.0	0.0	2.0	46867.7	42164.7	523.2	617.793
203.0	0.0	0.0	0.0	0.0	51363.5	42184.5	530.8	620.565
203.0	1.0	0.0	0.0	1.0	51363.5	42184.5	530.8	620.864
203.0	2.0	0.0	0.0	2.0	51363.5	42184.5	530.8	621.374
204.0	0.0	0.0	0.0	0.0	55859.2	42204.2	526.8	623.373
204.0	1.0	0.0	0.0	1.0	55859.2	42204.2	526.8	623.596
204.0	2.0	0.0	0.0	2.0	55859.2	42204.2	526.8	624.112
205.0	0.0	0.0	0.0	0.0	60355.0	42224.0	526.8	625.762
205.0	1.0	0.0	0.0	1.0	60355.0	42224.0	526.8	625.982
205.0	2.0	0.0	0.0	2.0	60355.0	42224.0	526.8	626.494
206.0	0.0	0.0	0.0	0.0	64850.8	42243.8	520.2	628.845
206.0	1.0	0.0	0.0	1.0	64850.8	42243.8	520.2	629.064
206.0	2.0	0.0	0.0	2.0	64850.8	42243.8	520.2	629.577
207.0	0.0	0.0	0.0	0.0	69346.5	42263.6	513.5	631.917
207.0	1.0	0.0	0.0	1.0	69346.5	42263.6	513.5	632.142
207.0	2.0	0.0	0.0	2.0	69346.5	42263.6	513.5	632.654
208.0	0.0	0.0	0.0	0.0	73842.3	42283.3	505.8	635.105
208.0	1.0	0.0	0.0	1.0	73842.3	42283.3	505.8	635.327
208.0	2.0	0.0	0.0	2.0	73842.3	42283.3	505.8	635.838
209.0	0.0	0.0	0.0	0.0	78338.1	42303.1	494.8	637.886
209.0	1.0	0.0	0.0	1.0	78338.1	42303.1	494.8	638.111
209.0	2.0	0.0	0.0	2.0	78338.1	42303.1	494.8	638.621
210.0	0.0	0.0	0.0	0.0	82833.8	42322.9	489.4	640.92
210.0	1.0	0.0	0.0	1.0	82833.8	42322.9	489.4	641.15
210.0	2.0	0.0	0.0	2.0	82833.8	42322.9	489.4	641.666
211.0	0.0	0.0	0.0	0.0	87329.6	42342.7	472.1	644.372
211.0	1.0	0.0	0.0	1.0	87329.6	42342.7	472.1	644.604
211.0	2.0	0.0	0.0	2.0	87329.6	42342.7	472.1	645.121
212.0	0.0	0.0	0.0	0.0	91825.4	42362.4	468.7	647.146
212.0	1.0	0.0	0.0	1.0	91825.4	42362.4	468.7	647.371
212.0	2.0	0.0	0.0	2.0	91825.4	42362.4	468.7	647.884
213.0	0.0	0.0	0.0	0.0	96321.2	42382.2	464.7	650.201
213.0	1.0	0.0	0.0	1.0	96321.2	42382.2	464.7	650.428
213.0	2.0	0.0	0.0	2.0	96321.2	42382.2	464.7	650.94
214.0	0.0	0.0	0.0	0.0	100816.9	42402.0	464.7	652.612
214.0	1.0	0.0	0.0	1.0	100816.9	42402.0	464.7	652.841
214.0	2.0	0.0	0.0	2.0	100816.9	42402.0	464.7	653.356
215.0	0.0	0.0	0.0	0.0	105312.7	42421.8	464.7	654.936
215.0	1.0	0.0	0.0	1.0	105312.7	42421.8	464.7	655.153
215.0	2.0	0.0	0.0	2.0	105312.7	42421.8	464.7	655.661
216.0	0.0	0.0	0.0	0.0	105292.9	46919.6	468.1	657.699
216.0	1.0	0.0	0.0	1.0	105292.9	46919.6	468.1	658.019
216.0	2.0	0.0	0.0	2.0	105292.9	46919.6	468.1	658.538
217.0	0.0	0.0	0.0	0.0	100797.2	46899.9	468.1	660.226
217.0	1.0	0.0	0.0	1.0	100797.2	46899.9	468.1	660.476
217.0	2.0	0.0	0.0	2.0	100797.2	46899.9	468.1	660.985
218.0	0.0	0.0	0.0	0.0	96301.4	46880.1	473.5	662.956
218.0	1.0	0.0	0.0	1.0	96301.4	46880.1	473.5	663.18
218.0	2.0	0.0	0.0	2.0	96301.4	46880.1	473.5	663.693
219.0	0.0	0.0	0.0	0.0	91805.6	46860.3	484.4	666.134
219.0	1.0	0.0	0.0	1.0	91805.6	46860.3	484.4	666.356
219.0	2.0	0.0	0.0	2.0	91805.6	46860.3	484.4	666.868
220.0	0.0	0.0	0.0	0.0	87309.8	46840.5	484.4	668.438
220.0	1.0	0.0	0.0	1.0	87309.8	46840.5	484.4	668.662
220.0	2.0	0.0	0.0	2.0	87309.8	46840.5	484.4	669.171
221.0	0.0	0.0	0.0	0.0	82814.1	46820.8	491.9	671.858
221.0	1.0	0.0	0.0	1.0	82814.1	46820.8	491.9	672.083
221.0	2.0	0.0	0.0	2.0	82814.1	46820.8	491.9	672.593
222.0	0.0	0.0	0.0	0.0	78318.3	46801.0	501.6	674.948
222.0	1.0	0.0	0.0	1.0	78318.3	46801.0	501.6	675.174
222.0	2.0	0.0	0.0	2.0	78318.3	46801.0	501.6	675.684
223.0	0.0	0.0	0.0	0.0	73822.5	46781.2	508.8	678.121
223.0	1.0	0.0	0.0	1.0	73822.5	46781.2	508.8	678.349
223.0	2.0	0.0	0.0	2.0	73822.5	46781.2	508.8	678.898
224.0	0.0	0.0	0.0	0.0	69326.8	46761.4	514.6	681.237
224.0	1.0	0.0	0.0	1.0	69326.8	46761.4	514.6	681.46
224.0	2.0	0.0	0.0	2.0	69326.8	46761.4	514.6	681.97
225.0	0.0	0.0	0.0	0.0	64831.0	46741.7	522.8	684.411
225.0	1.0	0.0	0.0	1.0	64831.0	46741.7	522.8	684.637
225.0	2.0	0.0	0.0	2.0	64831.0	46741.7	522.8	685.149
226.0	0.0	0.0	0.0	0.0	60335.2	46721.9	530.8	687.463
226.0	1.0	0.0	0.0	1.0	60335.2	46721.9	530.8	687.717
226.0	2.0	0.0	0.0	2.0	60335.2	46721.9	530.8	688.229
227.0	0.0	0.0	0.0	0.0	55839.4	46702.1	538.3	690.364
227.0	1.0	0.0	0.0	1.0	55839.4	46702.1	538.3	690.587
227.0	2.0	0.0	0.0	2.0	55839.4	46702.1	538.3	691.098
228.0	0.0	0.0	0.0	0.0	51343.7	46682.4	538.3	692.665
228.0	1.0	0.0	0.0	1.0	51343.7	46682.4	538.3	692.885
228.0	2.0	0.0	0.0	2.0	51343.7	46682.4	538.3	693.393
229.0	0.0	0.0	0.0	0.0	46847.9	46662.6	533.4	695.736
229.0	1.0	0.0	0.0	1.0	46847.9	46662.6	533.4	695.957
229.0	2.0	0.0	0.0	2.0	46847.9	46662.6	533.4	696.469
230.0	0.0	0.0	0.0	0.0	42352.2	46642.8	533.4	698.039
230.0	1.0	0.0	0.0	1.0	42352.2	46642.8	533.4	698.268
230.0	2.0	0.0	0.0	2.0	42352.2	46642.8	533.4	698.783
231.0	0.0	0.0	0.0	0.0	37856.4	46623.0	530.0	700.881
231.0	1.0	0.0	0.0	1.0	37856.4	46623.0	530.0	701.11
231.0	2.0	0.0	0.0	2.0	37856.4	46623.0	530.0	701.616
232.0	0.0	0.0	0.0	0.0	33360.6	46603.3	525.4	703.916
232.0	1.0	0.0	0.0	1.0	33360.6	46603.3	525.4	704.165
232.0	2.0	0.0	0.0	2.0	33360.6	46603.3	525.4	704.68
233.0	0.0	0.0	0.0	0.0	28864.8	46583.5	514.5	707.48
233.0	1.0	0.0	0.0	1.0	28864.8	46583.5	514.5	707.712
233.0	2.0	0.0	0.0	2.0	28864.8	46583.5	514.5	708.225
234.0	0.0	0.0	0.0	0.0	24369.1	46563.7	507.5	710.732
234.0	1.0	0.0	0.0	1.0	24369.1	46563.7	507.5	710.961
234.0	2.0	0.0	0.0	2.0	24369.1	46563.7	507.5	711.47
235.0	0.0	0.0	0.0	0.0	19873.3	46543.9	499.3	713.979
235.0	1.0	0.0	0.0	1.0	19873.3	46543.9	499.3	714.198
235.0	2.0	0.0	0.0	2.0	19873.3	46543.9	499.3	714.702
236.0	0.0	0.0	0.0	0.0	15377.5	46524.2	490.6	716.764
236.0	1.0	0.0	0.0	1.0	15377.5	46524.2	490.6	717.0
236.0	2.0	0.0	0.0	2.0	15377.5	46524.2	490.6	717.514
237.0	0.0	0.0	0.0	0.0	10881.7	46504.4	490.6	719.044
237.0	1.0	0.0	0.0	1.0	10881.7	46504.4	490.6	719.269
237.0	2.0	0.0	0.0	2.0	10881.7	46504.4	490.6	719.78
238.0	0.0	0.0	0.0	0.0	6386.0	46484.6	484.6	722.173
238.0	1.0	0.0	0.0	1.0	6386.0	46484.6	484.6	722.395
238.0	2.0	0.0	0.0	2.0	6386.0	46484.6	484.6	722.903
239.0	0.0	0.0	0.0	0.0	1890.2	46464.8	484.1	725.206
239.0	1.0	0.0	0.0	1.0	1890.2	46464.8	484.1	725.429
239.0	2.0	0.0	0.0	2.0	1890.2	46464.8	484.1	725.99
240.0	0.0	0.0	0.0	0.0	1870.4	50962.7	488.9	728.052
240.0	1.0	0.0	0.0	1.0	1870.4	50962.7	488.9	728.297
240.0	2.0	0.0	0.0	2.0	1870.4	50962.7	488.9	728.808
241.0	0.0	0.0	0.0	0.0	6366.2	50982.5	494.6	730.871
241.0	1.0	0.0	0.0	1.0	6366.2	50982.5	494.6	731.097
241.0	2.0	0.0	0.0	2.0	6366.2	50982.5	494.6	731.606
242.0	0.0	0.0	0.0	0.0	10862.0	51002.3	502.7	734.055
242.0	1.0	0.0	0.0	1.0	10862.0	51002.3	502.7	734.275
242.0	2.0	0.0	0.0	2.0	10862.0	51002.3	502.7	734.802
243.0	0.0	0.0	0.0	0.0	15357.7	51022.0	510.8	736.805
243.0	1.0	0.0	0.0	1.0	15357.7	51022.0	510.8	737.05
243.0	2.0	0.0	0.0	2.0	15357.7	51022.0	510.8	737.565
244.0	0.0	0.0	0.0	0.0	19853.5	51041.8	514.5	739.949
244.0	1.0	0.0	0.0	1.0	19853.5	51041.8	514.5	740.258
244.0	2.0	0.0	0.0	2.0	19853.5	51041.8	514.5	740.771
245.0	0.0	0.0	0.0	0.0	24349.3	51061.6	518.6	743.161
245.0	1.0	0.0	0.0	1.0	24349.3	51061.6	518.6	743.388
245.0	2.0	0.0	0.0	2.0	24349.3	51061.6	518.6	743.905
246.0	0.0	0.0	0.0	0.0	28845.0	51081.4	523.1	746.274
246.0	1.0	0.0	0.0	1.0	28845.0	51081.4	523.1	746.498
246.0	2.0	0.0	0.0	2.0	28845.0	51081.4	523.1	747.008
247.0	0.0	0.0	0.0	0.0	33340.8	51101.1	530.7	749.458
247.0	1.0	0.0	0.0	1.0	33340.8	51101.1	530.7	749.683
247.0	2.0	0.0	0.0	2.0	33340.8	51101.1	530.7	750.192
248.0	0.0	0.0	0.0	0.0	37836.6	51120.9	537.9	752.555
248.0	1.0	0.0	0.0	1.0	37836.6	51120.9	537.9	752.777
248.0	2.0	0.0	0.0	2.0	37836.6	51120.9	537.9	753.293
249.0	0.0	0.0	0.0	0.0	42332.4	51140.7	544.2	755.738
249.0	1.0	0.0	0.0	1.0	42332.4	51140.7	544.2	755.965
249.0	2.0	0.0	0.0	2.0	42332.4	51140.7	544.2	756.486
250.0	0.0	0.0	0.0	0.0	46828.1	51160.5	540.4	758.548
250.0	1.0	0.0	0.0	1.0	46828.1	51160.5	540.4	758.773
250.0	2.0	0.0	0.0	2.0	46828.1	51160.5	540.4	759.373
251.0	0.0	0.0	0.0	0.0	51323.9	51180.2	540.4	760.972
251.0	1.0	0.0	0.0	1.0	51323.9	51180.2	540.4	761.291
251.0	2.0	0.0	0.0	2.0	51323.9	51180.2	540.4	761.803
252.0	0.0	0.0	0.0	0.0	55819.7	51200.0	544.6	764.201
252.0	1.0	0.0	0.0	1.0	55819.7	51200.0	544.6	764.46
252.0	2.0	0.0	0.0	2.0	55819.7	51200.0	544.6	764.975
253.0	0.0	0.0	0.0	0.0	60315.4	51219.8	544.6	766.652
253.0	1.0	0.0	0.0	1.0	60315.4	51219.8	544.6	766.88
253.0	2.0	0.0	0.0	2.0	60315.4	51219.8	544.6	767.394
254.0	0.0	0.0	0.0	0.0	64811.2	51239.6	535.6	769.756
254.0	1.0	0.0	0.0	1.0	64811.2	51239.6	535.6	770.07
254.0	2.0	0.0	0.0	2.0	64811.2	51239.6	535.6	770.582
255.0	0.0	0.0	0.0	0.0	69307.0	51259.3	526.5	772.689
255.0	1.0	0.0	0.0	1.0	69307.0	51259.3	526.5	772.918
255.0	2.0	0.0	0.0	2.0	69307.0	51259.3	526.5	773.423
256.0	0.0	0.0	0.0	0.0	73802.7	51279.1	518.3	775.419
256.0	1.0	0.0	0.0	1.0	73802.7	51279.1	518.3	775.643
256.0	2.0	0.0	0.0	2.0	73802.7	51279.1	518.3	776.156
257.0	0.0	0.0	0.0	0.0	78298.5	51298.9	510.2	778.239
257.0	1.0	0.0	0.0	1.0	78298.5	51298.9	510.2	778.464
257.0	2.0	0.0	0.0	2.0	78298.5	51298.9	510.2	778.973
258.0	0.0	0.0	0.0	0.0	82794.3	51318.6	505.0	781.33
258.0	1.0	0.0	0.0	1.0	82794.3	51318.6	505.0	781.557
258.0	2.0	0.0	0.0	2.0	82794.3	51318.6	505.0	782.066
259.0	0.0	0.0	0.0	0.0	87290.1	51338.4	495.5	784.494
259.0	1.0	0.0	0.0	1.0	87290.1	51338.4	495.5	784.721
259.0	2.0	0.0	0.0	2.0	87290.1	51338.4	495.5	785.233
260.0	0.0	0.0	0.0	0.0	91785.8	51358.2	485.2	787.244
260.0	1.0	0.0	0.0	1.0	91785.8	51358.2	485.2	787.484
260.0	2.0	0.0	0.0	2.0	91785.8	51358.2	485.2	787.997
261.0	0.0	0.0	0.0	0.0	96281.6	51378.0	481.5	790.404
261.0	1.0	0.0	0.0	1.0	96281.6	51378.0	481.5	790.718
261.0	2.0	0.0	0.0	2.0	96281.6	51378.0	481.5	791.227
262.0	0.0	0.0	0.0	0.0	100777.4	51397.7	475.8	793.613
262.0	1.0	0.0	0.0	1.0	100777.4	51397.7	475.8	793.839
262.0	2.0	0.0	0.0	2.0	100777.4	51397.7	475.8	794.348
263.0	0.0	0.0	0.0	0.0	105273.1	51417.5	475.8	795.934
263.0	1.0	0.0	0.0	1.0	105273.1	51417.5	475.8	796.2
263.0	2.0	0.0	0.0	2.0	105273.1	51417.5	475.8	796.712
264.0	0.0	0.0	0.0	0.0	105253.4	55915.4	475.8	798.104
264.0	1.0	0.0	0.0	1.0	105253.4	55915.4	475.8	798.411
264.0	2.0	0.0	0.0	2.0	105253.4	55915.4	475.8	798.926
265.0	0.0	0.0	0.0	0.0	100757.6	55895.6	482.6	800.962
265.0	1.0	0.0	0.0	1.0	100757.6	55895.6	482.6	801.19
265.0	2.0	0.0	0.0	2.0	100757.6	55895.6	482.6	801.729
266.0	0.0	0.0	0.0	0.0	96261.8	55875.8	487.3	804.075
266.0	1.0	0.0	0.0	1.0	96261.8	55875.8	487.3	804.298
266.0	2.0	0.0	0.0	2.0	96261.8	55875.8	487.3	804.811
267.0	0.0	0.0	0.0	0.0	91766.0	55856.1	495.4	806.868
267.0	1.0	0.0	0.0	1.0	91766.0	55856.1	495.4	807.178
267.0	2.0	0.0	0.0	2.0	91766.0	55856.1	495.4	807.691
268.0	0.0	0.0	0.0	0.0	87270.3	55836.3	500.4	810.068
268.0	1.0	0.0	0.0	1.0	87270.3	55836.3	500.4	810.297
268.0	2.0	0.0	0.0	2.0	87270.3	55836.3	500.4	810.812
269.0	0.0	0.0	0.0	0.0	82774.5	55816.5	509.4	813.186
269.0	1.0	0.0	0.0	1.0	82774.5	55816.5	509.4	813.411
269.0	2.0	0.0	0.0	2.0	82774.5	55816.5	509.4	813.926
270.0	0.0	0.0	0.0	0.0	78278.7	55796.8	517.9	816.254
270.0	1.0	0.0	0.0	1.0	78278.7	55796.8	517.9	816.485
270.0	2.0	0.0	0.0	2.0	78278.7	55796.8	517.9	817.06
271.0	0.0	0.0	0.0	0.0	73783.0	55777.0	530.7	819.093
271.0	1.0	0.0	0.0	1.0	73783.0	55777.0	530.7	819.326
271.0	2.0	0.0	0.0	2.0	73783.0	55777.0	530.7	819.841
272.0	0.0	0.0	0.0	0.0	69287.2	55757.2	537.1	821.924
272.0	1.0	0.0	0.0	1.0	69287.2	55757.2	537.1	822.154
272.0	2.0	0.0	0.0	2.0	69287.2	55757.2	537.1	822.673
273.0	0.0	0.0	0.0	0.0	64791.4	55737.4	545.5	824.78
273.0	1.0	0.0	0.0	1.0	64791.4	55737.4	545.5	825.005
273.0	2.0	0.0	0.0	2.0	64791.4	55737.4	545.5	825.518
274.0	0.0	0.0	0.0	0.0	60295.7	55717.7	545.5	827.124
274.0	1.0	0.0	0.0	1.0	60295.7	55717.7	545.5	827.346
274.0	2.0	0.0	0.0	2.0	60295.7	55717.7	545.5	827.857
275.0	0.0	0.0	0.0	0.0	55799.9	55697.9	553.2	829.862
275.0	1.0	0.0	0.0	1.0	55799.9	55697.9	553.2	830.087
275.0	2.0	0.0	0.0	2.0	55799.9	55697.9	553.2	830.62
276.0	0.0	0.0	0.0	0.0	51304.1	55678.1	548.8	832.685
276.0	1.0	0.0	0.0	1.0	51304.1	55678.1	548.8	832.91
276.0	2.0	0.0	0.0	2.0	51304.1	55678.1	548.8	833.519
277.0	0.0	0.0	0.0	0.0	46808.3	55658.3	548.8	835.101
277.0	1.0	0.0	0.0	1.0	46808.3	55658.3	548.8	835.33
277.0	2.0	0.0	0.0	2.0	46808.3	55658.3	548.8	835.846
278.0	0.0	0.0	0.0	0.0	42312.6	55638.6	548.8	837.531
278.0	1.0	0.0	0.0	1.0	42312.6	55638.6	548.8	837.753
278.0	2.0	0.0	0.0	2.0	42312.6	55638.6	548.8	838.264
279.0	0.0	0.0	0.0	0.0	37816.8	55618.8	543.5	840.217
279.0	1.0	0.0	0.0	1.0	37816.8	55618.8	543.5	840.445
279.0	2.0	0.0	0.0	2.0	37816.8	55618.8	543.5	840.957
280.0	0.0	0.0	0.0	0.0	33321.0	55599.0	539.6	842.907
280.0	1.0	0.0	0.0	1.0	33321.0	55599.0	539.6	843.135
280.0	2.0	0.0	0.0	2.0	33321.0	55599.0	539.6	843.663
281.0	0.0	0.0	0.0	0.0	28825.3	55579.2	535.6	846.079
281.0	1.0	0.0	0.0	1.0	28825.3	55579.2	535.6	846.308
281.0	2.0	0.0	0.0	2.0	28825.3	55579.2	535.6	846.821
282.0	0.0	0.0	0.0	0.0	24329.5	55559.5	526.5	849.201
282.0	1.0	0.0	0.0	1.0	24329.5	55559.5	526.5	849.424
282.0	2.0	0.0	0.0	2.0	24329.5	55559.5	526.5	850.005
283.0	0.0	0.0	0.0	0.0	19833.7	55539.7	521.2	852.424
283.0	1.0	0.0	0.0	1.0	19833.7	55539.7	521.2	852.673
283.0	2.0	0.0	0.0	2.0	19833.7	55539.7	521.2	853.235
284.0	0.0	0.0	0.0	0.0	15338.0	55519.9	514.6	855.304
284.0	1.0	0.0	0.0	1.0	15338.0	55519.9	514.6	855.544
284.0	2.0	0.0	0.0	2.0	15338.0	55519.9	514.6	856.053
285.0	0.0	0.0	0.0	0.0	10842.2	55500.2	507.8	858.037
285.0	1.0	0.0	0.0	1.0	10842.2	55500.2	507.8	858.261
285.0	2.0	0.0	0.0	2.0	10842.2	55500.2	507.8	858.805
286.0	0.0	0.0	0.0	0.0	6346.4	55480.4	498.1	860.945
286.0	1.0	0.0	0.0	1.0	6346.4	55480.4	498.1	861.17
286.0	2.0	0.0	0.0	2.0	6346.4	55480.4	498.1	861.681
287.0	0.0	0.0	0.0	0.0	1850.6	55460.6	493.2	864.371
287.0	1.0	0.0	0.0	1.0	1850.6	55460.6	493.2	864.592
287.0	2.0	0.0	0.0	2.0	1850.6	55460.6	493.2	865.103
288.0	0.0	0.0	0.0	0.0	1830.9	59958.5	505.6	867.603
288.0	1.0	0.0	0.0	1.0	1830.9	59958.5	505.6	867.83
288.0	2.0	0.0	0.0	2.0	1830.9	59958.5	505.6	868.343
289.0	0.0	0.0	0.0	0.0	6326.6	59978.3	508.9	870.37
289.0	1.0	0.0	0.0	1.0	6326.6	59978.3	508.9	870.589
289.0	2.0	0.0	0.0	2.0	6326.6	59978.3	508.9	871.097
290.0	0.0	0.0	0.0	0.0	10822.4	59998.0	518.4	873.744
290.0	1.0	0.0	0.0	1.0	10822.4	59998.0	518.4	873.97
290.0	2.0	0.0	0.0	2.0	10822.4	59998.0	518.4	874.491
291.0	0.0	0.0	0.0	0.0	15318.2	60017.8	521.1	876.793
291.0	1.0	0.0	0.0	1.0	15318.2	60017.8	521.1	877.019
291.0	2.0	0.0	0.0	2.0	15318.2	60017.8	521.1	877.532
292.0	0.0	0.0	0.0	0.0	19813.9	60037.6	531.0	880.259
292.0	1.0	0.0	0.0	1.0	19813.9	60037.6	531.0	880.487
292.0	2.0	0.0	0.0	2.0	19813.9	60037.6	531.0	880.997
293.0	0.0	0.0	0.0	0.0	24309.7	60057.4	535.9	882.978
293.0	1.0	0.0	0.0	1.0	24309.7	60057.4	535.9	883.201
293.0	2.0	0.0	0.0	2.0	24309.7	60057.4	535.9	883.713
294.0	0.0	0.0	0.0	0.0	28805.5	60077.1	539.6	886.209
294.0	1.0	0.0	0.0	1.0	28805.5	60077.1	539.6	886.431
294.0	2.0	0.0	0.0	2.0	28805.5	60077.1	539.6	886.942
295.0	0.0	0.0	0.0	0.0	33301.2	60096.9	546.7	889.403
295.0	1.0	0.0	0.0	1.0	33301.2	60096.9	546.7	889.634
295.0	2.0	0.0	0.0	2.0	33301.2	60096.9	546.7	890.167
296.0	0.0	0.0	0.0	0.0	37797.0	60116.7	554.8	892.491
296.0	1.0	0.0	0.0	1.0	37797.0	60116.7	554.8	892.805
296.0	2.0	0.0	0.0	2.0	37797.0	60116.7	554.8	893.314
297.0	0.0	0.0	0.0	0.0	42292.8	60136.4	558.4	895.376
297.0	1.0	0.0	0.0	1.0	42292.8	60136.4	558.4	895.602
297.0	2.0	0.0	0.0	2.0	42292.8	60136.4	558.4	896.123
298.0	0.0	0.0	0.0	0.0	46788.6	60156.2	558.4	897.729
298.0	1.0	0.0	0.0	1.0	46788.6	60156.2	558.4	897.958
298.0	2.0	0.0	0.0	2.0	46788.6	60156.2	558.4	898.473
299.0	0.0	0.0	0.0	0.0	51284.3	60176.0	561.6	900.455
299.0	1.0	0.0	0.0	1.0	51284.3	60176.0	561.6	900.686
299.0	2.0	0.0	0.0	2.0	51284.3	60176.0	561.6	901.197
300.0	0.0	0.0	0.0	0.0	55780.1	60195.8	561.6	902.823
300.0	1.0	0.0	0.0	1.0	55780.1	60195.8	561.6	903.051
300.0	2.0	0.0	0.0	2.0	55780.1	60195.8	561.6	903.644
301.0	0.0	0.0	0.0	0.0	60275.9	60215.5	557.6	905.694
301.0	1.0	0.0	0.0	1.0	60275.9	60215.5	557.6	905.953
301.0	2.0	0.0	0.0	2.0	60275.9	60215.5	557.6	906.466
302.0	0.0	0.0	0.0	0.0	64771.6	60235.3	551.8	908.477
302.0	1.0	0.0	0.0	1.0	64771.6	60235.3	551.8	908.703
302.0	2.0	0.0	0.0	2.0	64771.6	60235.3	551.8	909.22
303.0	0.0	0.0	0.0	0.0	69267.4	60255.1	546.7	911.362
303.0	1.0	0.0	0.0	1.0	69267.4	60255.1	546.7	911.596
303.0	2.0	0.0	0.0	2.0	69267.4	60255.1	546.7	912.106
304.0	0.0	0.0	0.0	0.0	73763.2	60274.9	539.6	914.435
304.0	1.0	0.0	0.0	1.0	73763.2	60274.9	539.6	914.705
304.0	2.0	0.0	0.0	2.0	73763.2	60274.9	539.6	915.213
305.0	0.0	0.0	0.0	0.0	78259.0	60294.6	531.6	917.626
305.0	1.0	0.0	0.0	1.0	78259.0	60294.6	531.6	917.854
305.0	2.0	0.0	0.0	2.0	78259.0	60294.6	531.6	918.48
306.0	0.0	0.0	0.0	0.0	82754.7	60314.4	524.2	920.841
306.0	1.0	0.0	0.0	1.0	82754.7	60314.4	524.2	921.066
306.0	2.0	0.0	0.0	2.0	82754.7	60314.4	524.2	921.575
307.0	0.0	0.0	0.0	0.0	87250.5	60334.2	513.8	923.889
307.0	1.0	0.0	0.0	1.0	87250.5	60334.2	513.8	924.115
307.0	2.0	0.0	0.0	2.0	87250.5	60334.2	513.8	924.628
308.0	0.0	0.0	0.0	0.0	91746.3	60354.0	502.3	926.729
308.0	1.0	0.0	0.0	1.0	91746.3	60354.0	502.3	926.967
308.0	2.0	0.0	0.0	2.0	91746.3	60354.0	502.3	927.479
309.0	0.0	0.0	0.0	0.0	96242.0	60373.7	496.8	929.804
309.0	1.0	0.0	0.0	1.0	96242.0	60373.7	496.8	930.078
309.0	2.0	0.0	0.0	2.0	96242.0	60373.7	496.8	930.59
310.0	0.0	0.0	0.0	0.0	100737.8	60393.5	484.2	933.414
310.0	1.0	0.0	0.0	1.0	100737.8	60393.5	484.2	933.639
310.0	2.0	0.0	0.0	2.0	100737.8	60393.5	484.2	934.172
311.0	0.0	0.0	0.0	0.0	105233.6	60413.3	484.2	935.813
311.0	1.0	0.0	0.0	1.0	105233.6	60413.3	484.2	936.037
311.0	2.0	0.0	0.0	2.0	105233.6	60413.3	484.2	936.59
312.0	0.0	0.0	0.0	0.0	105213.8	64911.2	489.6	938.67
312.0	1.0	0.0	0.0	1.0	105213.8	64911.2	489.6	938.893
312.0	2.0	0.0	0.0	2.0	105213.8	64911.2	489.6	939.403
313.0	0.0	0.0	0.0	0.0	100718.0	64891.4	495.8	941.796
313.0	1.0	0.0	0.0	1.0	100718.0	64891.4	495.8	942.112
313.0	2.0	0.0	0.0	2.0	100718.0	64891.4	495.8	942.637
314.0	0.0	0.0	0.0	0.0	96222.2	64871.6	511.8	945.423
314.0	1.0	0.0	0.0	1.0	96222.2	64871.6	511.8	945.65
314.0	2.0	0.0	0.0	2.0	96222.2	64871.6	511.8	946.175
315.0	0.0	0.0	0.0	0.0	91726.5	64851.8	517.6	948.165
315.0	1.0	0.0	0.0	1.0	91726.5	64851.8	517.6	948.392
315.0	2.0	0.0	0.0	2.0	91726.5	64851.8	517.6	948.907
316.0	0.0	0.0	0.0	0.0	87230.7	64832.1	525.6	951.221
316.0	1.0	0.0	0.0	1.0	87230.7	64832.1	525.6	951.444
316.0	2.0	0.0	0.0	2.0	87230.7	64832.1	525.6	952.007
317.0	0.0	0.0	0.0	0.0	82734.9	64812.3	538.0	954.471
317.0	1.0	0.0	0.0	1.0	82734.9	64812.3	538.0	954.701
317.0	2.0	0.0	0.0	2.0	82734.9	64812.3	538.0	955.276
318.0	0.0	0.0	0.0	0.0	78239.2	64792.5	545.2	957.327
318.0	1.0	0.0	0.0	1.0	78239.2	64792.5	545.2	957.585
318.0	2.0	0.0	0.0	2.0	78239.2	64792.5	545.2	958.103
319.0	0.0	0.0	0.0	0.0	73743.4	64772.7	552.6	960.175
319.0	1.0	0.0	0.0	1.0	73743.4	64772.7	552.6	960.4
319.0	2.0	0.0	0.0	2.0	73743.4	64772.7	552.6	960.915
320.0	0.0	0.0	0.0	0.0	69247.6	64753.0	557.8	963.005
320.0	1.0	0.0	0.0	1.0	69247.6	64753.0	557.8	963.229
320.0	2.0	0.0	0.0	2.0	69247.6	64753.0	557.8	963.74
321.0	0.0	0.0	0.0	0.0	64751.9	64733.2	566.0	965.732
321.0	1.0	0.0	0.0	1.0	64751.9	64733.2	566.0	965.957
321.0	2.0	0.0	0.0	2.0	64751.9	64733.2	566.0	966.467
322.0	0.0	0.0	0.0	0.0	60256.1	64713.4	566.0	968.124
322.0	1.0	0.0	0.0	1.0	60256.1	64713.4	566.0	968.349
322.0	2.0	0.0	0.0	2.0	60256.1	64713.4	566.0	968.863
323.0	0.0	0.0	0.0	0.0	55760.3	64693.6	569.7	970.86
323.0	1.0	0.0	0.0	1.0	55760.3	64693.6	569.7	971.082
323.0	2.0	0.0	0.0	2.0	55760.3	64693.6	569.7	971.592
324.0	0.0	0.0	0.0	0.0	51264.6	64673.9	569.7	973.304
324.0	1.0	0.0	0.0	1.0	51264.6	64673.9	569.7	973.527
324.0	2.0	0.0	0.0	2.0	51264.6	64673.9	569.7	974.044
325.0	0.0	0.0	0.0	0.0	46768.8	64654.1	565.9	976.015
325.0	1.0	0.0	0.0	1.0	46768.8	64654.1	565.9	976.245
325.0	2.0	0.0	0.0	2.0	46768.8	64654.1	565.9	976.759
326.0	0.0	0.0	0.0	0.0	42273.0	64634.3	565.9	978.422
326.0	1.0	0.0	0.0	1.0	42273.0	64634.3	565.9	978.649
326.0	2.0	0.0	0.0	2.0	42273.0	64634.3	565.9	979.162
327.0	0.0	0.0	0.0	0.0	37777.2	64614.6	565.9	980.712
327.0	1.0	0.0	0.0	1.0	37777.2	64614.6	565.9	980.94
327.0	2.0	0.0	0.0	2.0	37777.2	64614.6	565.9	981.452
328.0	0.0	0.0	0.0	0.0	33281.5	64594.8	558.3	983.877
328.0	1.0	0.0	0.0	1.0	33281.5	64594.8	558.3	984.103
328.0	2.0	0.0	0.0	2.0	33281.5	64594.8	558.3	984.62
329.0	0.0	0.0	0.0	0.0	28785.7	64575.0	547.7	987.338
329.0	1.0	0.0	0.0	1.0	28785.7	64575.0	547.7	987.558
329.0	2.0	0.0	0.0	2.0	28785.7	64575.0	547.7	988.064
330.0	0.0	0.0	0.0	0.0	24289.9	64555.2	543.8	990.046
330.0	1.0	0.0	0.0	1.0	24289.9	64555.2	543.8	990.271
330.0	2.0	0.0	0.0	2.0	24289.9	64555.2	543.8	990.782
331.0	0.0	0.0	0.0	0.0	19794.2	64535.5	540.6	993.49
331.0	1.0	0.0	0.0	1.0	19794.2	64535.5	540.6	993.761
331.0	2.0	0.0	0.0	2.0	19794.2	64535.5	540.6	994.271
332.0	0.0	0.0	0.0	0.0	15298.4	64515.7	537.0	996.729
332.0	1.0	0.0	0.0	1.0	15298.4	64515.7	537.0	997.038
332.0	2.0	0.0	0.0	2.0	15298.4	64515.7	537.0	997.551
333.0	0.0	0.0	0.0	0.0	10802.6	64495.9	530.5	999.945
333.0	1.0	0.0	0.0	1.0	10802.6	64495.9	530.5	1000.169
333.0	2.0	0.0	0.0	2.0	10802.6	64495.9	530.5	1000.683
334.0	0.0	0.0	0.0	0.0	6306.9	64476.1	522.4	1003.006
334.0	1.0	0.0	0.0	1.0	6306.9	64476.1	522.4	1003.226
334.0	2.0	0.0	0.0	2.0	6306.9	64476.1	522.4	1003.739
335.0	0.0	0.0	0.0	0.0	1811.1	64456.4	516.6	1006.12
335.0	1.0	0.0	0.0	1.0	1811.1	64456.4	516.6	1006.343
335.0	2.0	0.0	0.0	2.0	1811.1	64456.4	516.6	1006.939
336.0	0.0	0.0	0.0	0.0	1791.3	68954.2	516.6	1008.371
336.0	1.0	0.0	0.0	1.0	1791.3	68954.2	516.6	1008.598
336.0	2.0	0.0	0.0	2.0	1791.3	68954.2	516.6	1009.135
337.0	0.0	0.0	0.0	0.0	6287.0	68974.0	530.7	1011.831
337.0	1.0	0.0	0.0	1.0	6287.0	68974.0	530.7	1012.058
337.0	2.0	0.0	0.0	2.0	6287.0	68974.0	530.7	1012.571
338.0	0.0	0.0	0.0	0.0	10782.8	68993.8	536.2	1014.889
338.0	1.0	0.0	0.0	1.0	10782.8	68993.8	536.2	1015.119
338.0	2.0	0.0	0.0	2.0	10782.8	68993.8	536.2	1015.711
339.0	0.0	0.0	0.0	0.0	15278.6	69013.6	540.0	1018.079
339.0	1.0	0.0	0.0	1.0	15278.6	69013.6	540.0	1018.309
339.0	2.0	0.0	0.0	2.0	15278.6	69013.6	540.0	1018.824
340.0	0.0	0.0	0.0	0.0	19774.4	69033.3	544.6	1021.817
340.0	1.0	0.0	0.0	1.0	19774.4	69033.3	544.6	1022.042
340.0	2.0	0.0	0.0	2.0	19774.4	69033.3	544.6	1022.553
341.0	0.0	0.0	0.0	0.0	24270.2	69053.1	546.9	1024.925
341.0	1.0	0.0	0.0	1.0	24270.2	69053.1	546.9	1025.143
341.0	2.0	0.0	0.0	2.0	24270.2	69053.1	546.9	1025.658
342.0	0.0	0.0	0.0	0.0	28765.9	69072.9	559.2	1028.399
342.0	1.0	0.0	0.0	1.0	28765.9	69072.9	559.2	1028.628
342.0	2.0	0.0	0.0	2.0	28765.9	69072.9	559.2	1029.146
343.0	0.0	0.0	0.0	0.0	33261.7	69092.7	565.7	1032.577
343.0	1.0	0.0	0.0	1.0	33261.7	69092.7	565.7	1032.804
343.0	2.0	0.0	0.0	2.0	33261.7	69092.7	565.7	1033.317
344.0	0.0	0.0	0.0	0.0	37757.5	69112.4	565.7	1034.878
344.0	1.0	0.0	0.0	1.0	37757.5	69112.4	565.7	1035.106
344.0	2.0	0.0	0.0	2.0	37757.5	69112.4	565.7	1035.617
345.0	0.0	0.0	0.0	0.0	42253.2	69132.2	567.9	1038.726
345.0	1.0	0.0	0.0	1.0	42253.2	69132.2	567.9	1038.95
345.0	2.0	0.0	0.0	2.0	42253.2	69132.2	567.9	1039.462
346.0	0.0	0.0	0.0	0.0	46749.0	69152.0	571.6	1041.951
346.0	1.0	0.0	0.0	1.0	46749.0	69152.0	571.6	1042.182
346.0	2.0	0.0	0.0	2.0	46749.0	69152.0	571.6	1042.694
347.0	0.0	0.0	0.0	0.0	51244.8	69171.8	579.5	1044.73
347.0	1.0	0.0	0.0	1.0	51244.8	69171.8	579.5	1044.965
347.0	2.0	0.0	0.0	2.0	51244.8	69171.8	579.5	1045.474
348.0	0.0	0.0	0.0	0.0	55740.5	69191.5	576.3	1047.526
348.0	1.0	0.0	0.0	1.0	55740.5	69191.5	576.3	1047.753
348.0	2.0	0.0	0.0	2.0	55740.5	69191.5	576.3	1048.263
349.0	0.0	0.0	0.0	0.0	60236.3	69211.3	576.3	1049.917
349.0	1.0	0.0	0.0	1.0	60236.3	69211.3	576.3	1050.137
349.0	2.0	0.0	0.0	2.0	60236.3	69211.3	576.3	1050.718
350.0	0.0	0.0	0.0	0.0	64732.1	69231.1	570.5	1053.093
350.0	1.0	0.0	0.0	1.0	64732.1	69231.1	570.5	1053.319
350.0	2.0	0.0	0.0	2.0	64732.1	69231.1	570.5	1053.824
351.0	0.0	0.0	0.0	0.0	69227.8	69250.9	570.5	1055.474
351.0	1.0	0.0	0.0	1.0	69227.8	69250.9	570.5	1055.697
351.0	2.0	0.0	0.0	2.0	69227.8	69250.9	570.5	1056.255
352.0	0.0	0.0	0.0	0.0	73723.6	69270.6	555.5	1058.946
352.0	1.0	0.0	0.0	1.0	73723.6	69270.6	555.5	1059.172
352.0	2.0	0.0	0.0	2.0	73723.6	69270.6	555.5	1059.686
353.0	0.0	0.0	0.0	0.0	78219.4	69290.4	555.5	1061.252
353.0	1.0	0.0	0.0	1.0	78219.4	69290.4	555.5	1061.481
353.0	2.0	0.0	0.0	2.0	78219.4	69290.4	555.5	1062.005
354.0	0.0	0.0	0.0	0.0	82715.2	69310.2	552.7	1064.324
354.0	1.0	0.0	0.0	1.0	82715.2	69310.2	552.7	1064.548
354.0	2.0	0.0	0.0	2.0	82715.2	69310.2	552.7	1065.063
355.0	0.0	0.0	0.0	0.0	87210.9	69329.9	540.9	1067.478
355.0	1.0	0.0	0.0	1.0	87210.9	69329.9	540.9	1067.7
355.0	2.0	0.0	0.0	2.0	87210.9	69329.9	540.9	1068.296
356.0	0.0	0.0	0.0	0.0	91706.7	69349.7	525.7	1071.016
356.0	1.0	0.0	0.0	1.0	91706.7	69349.7	525.7	1071.238
356.0	2.0	0.0	0.0	2.0	91706.7	69349.7	525.7	1071.745
357.0	0.0	0.0	0.0	0.0	96202.5	69369.5	522.4	1074.106
357.0	1.0	0.0	0.0	1.0	96202.5	69369.5	522.4	1074.331
357.0	2.0	0.0	0.0	2.0	96202.5	69369.5	522.4	1074.866
358.0	0.0	0.0	0.0	0.0	100698.2	69389.3	505.4	1077.536
358.0	1.0	0.0	0.0	1.0	100698.2	69389.3	505.4	1077.759
358.0	2.0	0.0	0.0	2.0	100698.2	69389.3	505.4	1078.272
359.0	0.0	0.0	0.0	0.0	105194.0	69409.0	496.2	1081.004
359.0	1.0	0.0	0.0	1.0	105194.0	69409.0	496.2	1081.23
359.0	2.0	0.0	0.0	2.0	105194.0	69409.0	496.2	1081.739
360.0	0.0	0.0	0.0	0.0	105174.2	73906.9	502.1	1083.465
360.0	1.0	0.0	0.0	1.0	105174.2	73906.9	502.1	1083.785
360.0	2.0	0.0	0.0	2.0	105174.2	73906.9	502.1	1084.303
361.0	0.0	0.0	0.0	0.0	100678.5	73887.1	509.0	1086.961
361.0	1.0	0.0	0.0	1.0	100678.5	73887.1	509.0	1087.188
361.0	2.0	0.0	0.0	2.0	100678.5	73887.1	509.0	1087.696
362.0	0.0	0.0	0.0	0.0	96182.7	73867.4	521.8	1091.479
362.0	1.0	0.0	0.0	1.0	96182.7	73867.4	521.8	1091.706
362.0	2.0	0.0	0.0	2.0	96182.7	73867.4	521.8	1092.221
363.0	0.0	0.0	0.0	0.0	91686.9	73847.6	535.3	1094.904
363.0	1.0	0.0	0.0	1.0	91686.9	73847.6	535.3	1095.136
363.0	2.0	0.0	0.0	2.0	91686.9	73847.6	535.3	1095.682
364.0	0.0	0.0	0.0	0.0	87191.1	73827.8	544.2	1098.408
364.0	1.0	0.0	0.0	1.0	87191.1	73827.8	544.2	1098.637
364.0	2.0	0.0	0.0	2.0	87191.1	73827.8	544.2	1099.153
365.0	0.0	0.0	0.0	0.0	82695.4	73808.1	552.7	1104.488
365.0	1.0	0.0	0.0	1.0	82695.4	73808.1	552.7	1104.712
365.0	2.0	0.0	0.0	2.0	82695.4	73808.1	552.7	1105.224
366.0	0.0	0.0	0.0	0.0	78199.6	73788.3	552.7	1106.817
366.0	1.0	0.0	0.0	1.0	78199.6	73788.3	552.7	1107.045
366.0	2.0	0.0	0.0	2.0	78199.6	73788.3	552.7	1107.556
367.0	0.0	0.0	0.0	0.0	73703.8	73768.5	567.3	1110.651
367.0	1.0	0.0	0.0	1.0	73703.8	73768.5	567.3	1110.968
367.0	2.0	0.0	0.0	2.0	73703.8	73768.5	567.3	1111.49
368.0	0.0	0.0	0.0	0.0	69208.1	73748.7	567.3	1113.181
368.0	1.0	0.0	0.0	1.0	69208.1	73748.7	567.3	1113.41
368.0	2.0	0.0	0.0	2.0	69208.1	73748.7	567.3	1113.925
369.0	0.0	0.0	0.0	0.0	64712.3	73729.0	567.3	1115.582
369.0	1.0	0.0	0.0	1.0	64712.3	73729.0	567.3	1115.804
369.0	2.0	0.0	0.0	2.0	64712.3	73729.0	567.3	1116.319
370.0	0.0	0.0	0.0	0.0	60216.5	73709.2	574.9	1119.843
370.0	1.0	0.0	0.0	1.0	60216.5	73709.2	574.9	1120.068
370.0	2.0	0.0	0.0	2.0	60216.5	73709.2	574.9	1120.582
371.0	0.0	0.0	0.0	0.0	55720.7	73689.4	575.5	1123.685
371.0	1.0	0.0	0.0	1.0	55720.7	73689.4	575.5	1123.915
371.0	2.0	0.0	0.0	2.0	55720.7	73689.4	575.5	1124.43
372.0	0.0	0.0	0.0	0.0	51225.0	73669.6	579.9	1126.778
372.0	1.0	0.0	0.0	1.0	51225.0	73669.6	579.9	1127.007
372.0	2.0	0.0	0.0	2.0	51225.0	73669.6	579.9	1127.52
373.0	0.0	0.0	0.0	0.0	46729.2	73649.9	579.9	1129.119
373.0	1.0	0.0	0.0	1.0	46729.2	73649.9	579.9	1129.344
373.0	2.0	0.0	0.0	2.0	46729.2	73649.9	579.9	1129.859
374.0	0.0	0.0	0.0	0.0	42233.4	73630.1	577.5	1132.209
374.0	1.0	0.0	0.0	1.0	42233.4	73630.1	577.5	1132.441
374.0	2.0	0.0	0.0	2.0	42233.4	73630.1	577.5	1132.958
375.0	0.0	0.0	0.0	0.0	37737.7	73610.3	600.9	1145.317
375.0	1.0	0.0	0.0	1.0	37737.7	73610.3	600.9	1145.549
375.0	2.0	0.0	0.0	2.0	37737.7	73610.3	600.9	1146.092
376.0	0.0	0.0	0.0	0.0	33241.9	73590.5	561.5	1149.714
376.0	1.0	0.0	0.0	1.0	33241.9	73590.5	561.5	1149.93
376.0	2.0	0.0	0.0	2.0	33241.9	73590.5	561.5	1150.472
377.0	0.0	0.0	0.0	0.0	28746.1	73570.8	561.5	1152.043
377.0	1.0	0.0	0.0	1.0	28746.1	73570.8	561.5	1152.268
377.0	2.0	0.0	0.0	2.0	28746.1	73570.8	561.5	1152.778
378.0	0.0	0.0	0.0	0.0	24250.3	73551.0	552.2	1157.036
378.0	1.0	0.0	0.0	1.0	24250.3	73551.0	552.2	1157.265
378.0	2.0	0.0	0.0	2.0	24250.3	73551.0	552.2	1157.795
379.0	0.0	0.0	0.0	0.0	19754.6	73531.2	548.1	1159.821
379.0	1.0	0.0	0.0	1.0	19754.6	73531.2	548.1	1160.049
379.0	2.0	0.0	0.0	2.0	19754.6	73531.2	548.1	1160.561
380.0	0.0	0.0	0.0	0.0	15258.8	73511.5	543.7	1163.226
380.0	1.0	0.0	0.0	1.0	15258.8	73511.5	543.7	1163.46
380.0	2.0	0.0	0.0	2.0	15258.8	73511.5	543.7	1163.979
381.0	0.0	0.0	0.0	0.0	10763.0	73491.7	539.6	1166.378
381.0	1.0	0.0	0.0	1.0	10763.0	73491.7	539.6	1166.607
381.0	2.0	0.0	0.0	2.0	10763.0	73491.7	539.6	1167.118
382.0	0.0	0.0	0.0	0.0	6267.3	73471.9	528.8	1169.869
382.0	1.0	0.0	0.0	1.0	6267.3	73471.9	528.8	1170.181
382.0	2.0	0.0	0.0	2.0	6267.3	73471.9	528.8	1170.698
383.0	0.0	0.0	0.0	0.0	1771.5	73452.1	519.0	1173.129
383.0	1.0	0.0	0.0	1.0	1771.5	73452.1	519.0	1173.467
383.0	2.0	0.0	0.0	2.0	1771.5	73452.1	519.0	1173.985
